date,temperate,wind_velocity,wind_direction,relative_humidity,oil using
2016-01-01,3.1,5.3,200.0,83.9,180.06451612903226
2016-01-02,7.4,4.5,180.0,93.1,180.06451612903226
2016-01-03,5.9,2.6,340.0,98.0,180.06451612903226
2016-01-04,2.2,7.0,340.0,72.9,180.06451612903226
2016-01-05,-1.9,6.0,20.0,46.3,180.06451612903226
2016-01-06,-0.3,6.1,360.0,64.9,180.06451612903226
2016-01-07,-2.1,6.0,340.0,61.6,180.06451612903226
2016-01-08,-1.9,4.9,340.0,64.1,180.06451612903226
2016-01-09,-0.6,5.1,270.0,70.5,180.06451612903226
2016-01-10,1.3,5.7,20.0,53.6,180.06451612903226
2016-01-11,-3.5,5.9,340.0,52.4,180.06451612903226
2016-01-12,-4.3,6.9,340.0,59.3,180.06451612903226
2016-01-13,-3.4,7.4,340.0,74.3,180.06451612903226
2016-01-14,-2.3,4.7,20.0,65.6,180.06451612903226
2016-01-15,1.0,4.6,50.0,61.1,180.06451612903226
2016-01-16,2.2,4.8,140.0,77.1,180.06451612903226
2016-01-17,2.5,4.7,90.0,79.6,180.06451612903226
2016-01-18,-5.9,13.0,340.0,73.5,180.06451612903226
2016-01-19,-11.2,11.7,340.0,61.4,180.06451612903226
2016-01-20,-9.4,5.3,360.0,59.9,180.06451612903226
2016-01-21,-6.5,6.9,340.0,61.0,180.06451612903226
2016-01-22,-6.5,6.3,340.0,49.8,180.06451612903226
2016-01-23,-10.6,11.1,340.0,57.0,180.06451612903226
2016-01-24,-13.1,8.4,360.0,60.1,180.06451612903226
2016-01-25,-7.6,5.6,360.0,61.5,180.06451612903226
2016-01-26,-1.1,5.3,270.0,80.5,180.06451612903226
2016-01-27,-0.2,5.9,270.0,71.9,180.06451612903226
2016-01-28,0.6,5.6,50.0,63.3,180.06451612903226
2016-01-29,1.5,5.7,50.0,55.0,180.06451612903226
2016-01-30,-0.1,5.4,340.0,77.0,180.06451612903226
2016-01-31,-3.9,6.4,340.0,52.8,180.06451612903226
2016-02-01,-5.4,6.9,340.0,47.1,192.48275862068962
2016-02-02,-4.2,5.0,340.0,51.4,192.48275862068962
2016-02-03,-0.9,4.5,340.0,58.8,192.48275862068962
2016-02-04,0.3,6.7,340.0,67.8,192.48275862068962
2016-02-05,-1.3,5.5,340.0,56.4,192.48275862068962
2016-02-06,-2.5,6.0,360.0,53.4,192.48275862068962
2016-02-07,-1.8,3.7,20.0,61.6,192.48275862068962
2016-02-08,1.9,10.1,340.0,82.5,192.48275862068962
2016-02-09,1.6,8.3,340.0,64.9,192.48275862068962
2016-02-10,3.4,4.0,250.0,51.5,192.48275862068962
2016-02-11,9.3,6.4,160.0,42.9,192.48275862068962
2016-02-12,9.7,7.7,160.0,98.0,192.48275862068962
2016-02-13,11.0,7.3,320.0,98.0,192.48275862068962
2016-02-14,-2.5,9.2,340.0,80.4,192.48275862068962
2016-02-15,-5.3,8.4,340.0,61.8,192.48275862068962
2016-02-16,-1.2,8.1,270.0,77.8,192.48275862068962
2016-02-17,1.5,5.1,320.0,68.5,192.48275862068962
2016-02-18,3.9,7.3,230.0,89.4,192.48275862068962
2016-02-19,2.6,4.0,290.0,71.4,192.48275862068962
2016-02-20,1.5,9.1,340.0,54.1,192.48275862068962
2016-02-21,0.3,6.2,290.0,47.0,192.48275862068962
2016-02-22,1.6,3.9,250.0,46.9,192.48275862068962
2016-02-23,0.8,7.9,340.0,69.9,192.48275862068962
2016-02-24,-2.5,5.9,20.0,55.4,192.48275862068962
2016-02-25,1.0,8.2,270.0,69.4,192.48275862068962
2016-02-26,2.4,5.0,200.0,63.0,192.48275862068962
2016-02-27,3.2,5.0,180.0,84.4,192.48275862068962
2016-02-28,1.2,9.1,20.0,79.6,192.48275862068962
2016-02-29,-2.6,9.6,340.0,56.0,192.48275862068962
2016-03-01,-1.4,6.4,340.0,59.8,180.06451612903226
2016-03-02,3.5,7.5,250.0,91.0,180.06451612903226
2016-03-03,8.3,5.5,180.0,83.9,180.06451612903226
2016-03-04,13.5,6.9,180.0,75.8,180.06451612903226
2016-03-05,11.0,9.1,160.0,97.6,180.06451612903226
2016-03-06,6.7,6.1,340.0,72.6,180.06451612903226
2016-03-07,7.4,4.3,70.0,60.4,180.06451612903226
2016-03-08,2.6,7.2,20.0,53.6,180.06451612903226
2016-03-09,0.0,8.2,340.0,49.4,180.06451612903226
2016-03-10,-0.3,9.1,340.0,48.3,180.06451612903226
2016-03-11,0.1,6.7,360.0,55.5,180.06451612903226
2016-03-12,2.6,6.5,250.0,75.9,180.06451612903226
2016-03-13,3.8,4.1,340.0,84.8,180.06451612903226
2016-03-14,4.8,6.1,340.0,70.4,180.06451612903226
2016-03-15,5.0,4.6,290.0,62.4,180.06451612903226
2016-03-16,6.9,3.9,270.0,71.1,180.06451612903226
2016-03-17,8.6,3.7,290.0,59.4,180.06451612903226
2016-03-18,12.0,5.4,340.0,70.5,180.06451612903226
2016-03-19,9.9,5.9,20.0,76.8,180.06451612903226
2016-03-20,8.4,4.4,270.0,79.3,180.06451612903226
2016-03-21,7.5,4.6,250.0,84.0,180.06451612903226
2016-03-22,6.1,4.8,250.0,90.9,180.06451612903226
2016-03-23,7.2,8.9,340.0,63.9,180.06451612903226
2016-03-24,6.1,6.2,20.0,47.6,180.06451612903226
2016-03-25,6.2,5.1,270.0,69.5,180.06451612903226
2016-03-26,6.1,5.8,270.0,79.1,180.06451612903226
2016-03-27,6.4,5.5,270.0,81.1,180.06451612903226
2016-03-28,8.7,4.7,230.0,71.1,180.06451612903226
2016-03-29,10.2,7.7,230.0,83.9,180.06451612903226
2016-03-30,8.8,4.7,290.0,81.1,180.06451612903226
2016-03-31,12.6,3.2,340.0,45.5,180.06451612903226
2016-04-01,13.5,5.3,270.0,41.9,186.06666666666663
2016-04-02,13.4,5.2,340.0,62.0,186.06666666666663
2016-04-03,10.7,8.5,20.0,81.3,186.06666666666663
2016-04-04,11.2,5.6,270.0,58.1,186.06666666666663
2016-04-05,9.4,5.4,250.0,75.4,186.06666666666663
2016-04-06,13.4,5.5,250.0,60.8,186.06666666666663
2016-04-07,13.0,6.7,290.0,83.0,186.06666666666663
2016-04-08,8.1,5.8,290.0,97.0,186.06666666666663
2016-04-09,9.7,5.3,200.0,98.0,186.06666666666663
2016-04-10,11.2,5.4,290.0,92.5,186.06666666666663
2016-04-11,11.3,6.3,50.0,64.9,186.06666666666663
2016-04-12,13.3,5.4,180.0,64.8,186.06666666666663
2016-04-13,14.1,4.4,250.0,92.5,186.06666666666663
2016-04-14,8.8,5.4,250.0,98.0,186.06666666666663
2016-04-15,12.9,5.5,200.0,71.9,186.06666666666663
2016-04-16,15.3,8.9,160.0,74.3,186.06666666666663
2016-04-17,10.3,14.2,340.0,89.9,186.06666666666663
2016-04-18,10.2,8.6,270.0,88.0,186.06666666666663
2016-04-19,10.7,6.9,290.0,84.5,186.06666666666663
2016-04-20,13.6,7.3,230.0,77.5,186.06666666666663
2016-04-21,13.2,5.4,140.0,98.0,186.06666666666663
2016-04-22,11.6,6.5,200.0,98.0,186.06666666666663
2016-04-23,12.1,3.9,270.0,75.6,186.06666666666663
2016-04-24,14.8,4.6,110.0,56.1,186.06666666666663
2016-04-25,15.5,4.6,270.0,52.6,186.06666666666663
2016-04-26,19.8,5.3,20.0,52.6,186.06666666666663
2016-04-27,17.2,6.0,90.0,46.1,186.06666666666663
2016-04-28,14.8,4.8,250.0,59.6,186.06666666666663
2016-04-29,14.0,4.7,270.0,82.5,186.06666666666663
2016-04-30,14.9,7.5,230.0,67.1,186.06666666666663
2016-05-01,17.7,5.7,180.0,59.3,180.06451612903226
2016-05-02,20.4,7.8,160.0,81.1,180.06451612903226
2016-05-03,13.1,13.4,270.0,96.8,180.06451612903226
2016-05-04,15.3,12.9,270.0,61.4,180.06451612903226
2016-05-05,18.0,5.0,180.0,64.4,180.06451612903226
2016-05-06,14.8,7.0,180.0,98.0,180.06451612903226
2016-05-07,15.2,5.8,270.0,80.8,180.06451612903226
2016-05-08,18.3,5.2,180.0,65.9,180.06451612903226
2016-05-09,18.3,6.3,340.0,73.1,180.06451612903226
2016-05-10,14.1,6.1,70.0,96.3,180.06451612903226
2016-05-11,15.3,5.6,270.0,83.4,180.06451612903226
2016-05-12,15.9,6.0,200.0,90.6,180.06451612903226
2016-05-13,17.3,6.5,360.0,68.9,180.06451612903226
2016-05-14,19.1,5.7,180.0,63.0,180.06451612903226
2016-05-15,16.5,8.3,270.0,87.8,180.06451612903226
2016-05-16,14.7,6.2,270.0,79.1,180.06451612903226
2016-05-17,17.6,3.9,270.0,72.4,180.06451612903226
2016-05-18,20.9,4.1,360.0,58.1,180.06451612903226
2016-05-19,23.5,5.6,340.0,50.6,180.06451612903226
2016-05-20,22.2,4.5,290.0,62.9,180.06451612903226
2016-05-21,24.1,4.3,140.0,36.0,180.06451612903226
2016-05-22,23.3,4.2,270.0,43.5,180.06451612903226
2016-05-23,20.9,5.9,340.0,67.6,180.06451612903226
2016-05-24,15.7,6.6,180.0,98.0,180.06451612903226
2016-05-25,18.4,5.6,180.0,94.8,180.06451612903226
2016-05-26,18.0,4.0,230.0,96.9,180.06451612903226
2016-05-27,19.5,4.8,340.0,89.6,180.06451612903226
2016-05-28,19.2,5.3,270.0,80.4,180.06451612903226
2016-05-29,19.6,4.3,290.0,86.3,180.06451612903226
2016-05-30,20.5,4.8,250.0,85.5,180.06451612903226
2016-05-31,19.4,4.9,230.0,93.1,180.06451612903226
2016-06-01,22.4,5.5,90.0,66.3,186.06666666666663
2016-06-02,21.8,4.5,270.0,66.6,186.06666666666663
2016-06-03,20.4,4.2,230.0,71.8,186.06666666666663
2016-06-04,20.3,4.4,340.0,83.1,186.06666666666663
2016-06-05,23.1,4.3,320.0,69.0,186.06666666666663
2016-06-06,22.0,5.5,180.0,72.0,186.06666666666663
2016-06-07,20.9,5.6,290.0,91.8,186.06666666666663
2016-06-08,19.5,4.8,250.0,97.3,186.06666666666663
2016-06-09,21.6,5.0,250.0,85.6,186.06666666666663
2016-06-10,21.9,5.3,290.0,88.9,186.06666666666663
2016-06-11,22.3,4.5,250.0,95.6,186.06666666666663
2016-06-12,21.6,4.6,290.0,98.0,186.06666666666663
2016-06-13,20.7,4.6,270.0,95.6,186.06666666666663
2016-06-14,21.5,4.9,270.0,91.8,186.06666666666663
2016-06-15,19.7,7.0,180.0,96.1,186.06666666666663
2016-06-16,19.9,5.4,270.0,97.5,186.06666666666663
2016-06-17,22.2,6.2,200.0,89.4,186.06666666666663
2016-06-18,21.8,4.5,340.0,93.1,186.06666666666663
2016-06-19,22.8,4.5,290.0,93.0,186.06666666666663
2016-06-20,23.1,4.3,340.0,92.5,186.06666666666663
2016-06-21,23.9,4.3,250.0,93.3,186.06666666666663
2016-06-22,23.9,6.3,360.0,95.1,186.06666666666663
2016-06-23,23.4,5.0,340.0,95.1,186.06666666666663
2016-06-24,22.5,5.5,320.0,93.4,186.06666666666663
2016-06-25,22.4,5.4,270.0,86.0,186.06666666666663
2016-06-26,23.2,5.5,270.0,87.0,186.06666666666663
2016-06-27,23.4,4.5,340.0,81.5,186.06666666666663
2016-06-28,22.8,3.6,250.0,91.3,186.06666666666663
2016-06-29,23.8,4.5,270.0,88.0,186.06666666666663
2016-06-30,23.0,6.0,200.0,98.0,186.06666666666663
2016-07-01,23.5,6.2,200.0,98.0,180.06451612903226
2016-07-02,22.6,4.6,250.0,97.3,180.06451612903226
2016-07-03,22.4,3.8,270.0,95.9,180.06451612903226
2016-07-04,22.2,6.9,110.0,97.0,180.06451612903226
2016-07-05,22.6,8.4,180.0,98.0,180.06451612903226
2016-07-06,21.4,3.7,270.0,97.5,180.06451612903226
2016-07-07,23.1,3.7,230.0,91.0,180.06451612903226
2016-07-08,25.7,5.4,340.0,90.5,180.06451612903226
2016-07-09,26.2,5.1,340.0,89.1,180.06451612903226
2016-07-10,25.7,4.4,340.0,92.5,180.06451612903226
2016-07-11,26.5,4.3,270.0,89.0,180.06451612903226
2016-07-12,25.0,4.3,270.0,86.3,180.06451612903226
2016-07-13,24.7,4.1,270.0,97.0,180.06451612903226
2016-07-14,25.9,5.6,270.0,90.5,180.06451612903226
2016-07-15,25.7,5.2,110.0,78.5,180.06451612903226
2016-07-16,21.0,7.8,180.0,98.0,180.06451612903226
2016-07-17,21.1,7.5,230.0,98.0,180.06451612903226
2016-07-18,23.1,4.8,340.0,97.1,180.06451612903226
2016-07-19,26.2,3.7,340.0,90.0,180.06451612903226
2016-07-20,28.1,4.6,140.0,89.6,180.06451612903226
2016-07-21,28.0,4.3,160.0,86.5,180.06451612903226
2016-07-22,28.5,5.4,270.0,89.3,180.06451612903226
2016-07-23,27.7,5.6,180.0,95.0,180.06451612903226
2016-07-24,27.0,4.4,200.0,98.0,180.06451612903226
2016-07-25,27.0,4.0,250.0,98.0,180.06451612903226
2016-07-26,27.0,5.1,180.0,98.0,180.06451612903226
2016-07-27,26.7,6.4,230.0,98.0,180.06451612903226
2016-07-28,26.2,5.7,200.0,97.4,180.06451612903226
2016-07-29,25.6,6.4,180.0,98.0,180.06451612903226
2016-07-30,27.0,4.1,230.0,94.3,180.06451612903226
2016-07-31,27.7,5.2,270.0,97.0,180.06451612903226
2016-08-01,26.9,4.3,340.0,98.0,180.06451612903226
2016-08-02,26.9,4.1,110.0,97.9,180.06451612903226
2016-08-03,28.2,4.1,340.0,89.0,180.06451612903226
2016-08-04,29.0,4.6,340.0,93.1,180.06451612903226
2016-08-05,29.4,4.3,340.0,93.3,180.06451612903226
2016-08-06,29.2,4.2,340.0,89.9,180.06451612903226
2016-08-07,28.7,5.1,340.0,83.6,180.06451612903226
2016-08-08,28.9,5.8,340.0,92.3,180.06451612903226
2016-08-09,29.2,4.4,270.0,89.0,180.06451612903226
2016-08-10,28.1,4.0,250.0,89.9,180.06451612903226
2016-08-11,29.0,4.8,340.0,90.4,180.06451612903226
2016-08-12,29.0,4.4,270.0,92.1,180.06451612903226
2016-08-13,28.9,4.6,250.0,96.4,180.06451612903226
2016-08-14,28.4,4.7,340.0,98.0,180.06451612903226
2016-08-15,28.0,5.4,340.0,89.1,180.06451612903226
2016-08-16,28.4,4.8,270.0,91.9,180.06451612903226
2016-08-17,28.9,4.9,340.0,89.3,180.06451612903226
2016-08-18,28.9,4.5,340.0,85.3,180.06451612903226
2016-08-19,29.2,4.5,340.0,88.8,180.06451612903226
2016-08-20,29.4,5.1,340.0,86.3,180.06451612903226
2016-08-21,29.8,4.7,340.0,76.4,180.06451612903226
2016-08-22,29.0,5.3,340.0,87.5,180.06451612903226
2016-08-23,28.9,4.1,270.0,85.8,180.06451612903226
2016-08-24,28.2,3.9,340.0,82.6,180.06451612903226
2016-08-25,27.0,6.6,320.0,90.0,180.06451612903226
2016-08-26,23.2,9.1,90.0,67.8,180.06451612903226
2016-08-27,23.8,7.7,110.0,51.5,180.06451612903226
2016-08-28,22.2,7.5,70.0,69.5,180.06451612903226
2016-08-29,22.8,6.2,20.0,65.5,180.06451612903226
2016-08-30,21.4,9.1,340.0,75.1,180.06451612903226
2016-08-31,19.0,9.5,290.0,96.6,180.06451612903226
2016-09-01,23.7,7.9,230.0,91.8,186.06666666666663
2016-09-02,24.1,8.2,180.0,84.3,186.06666666666663
2016-09-03,24.3,5.9,140.0,90.9,186.06666666666663
2016-09-04,24.8,4.5,360.0,94.4,186.06666666666663
2016-09-05,25.3,4.8,340.0,90.9,186.06666666666663
2016-09-06,24.0,3.6,270.0,94.9,186.06666666666663
2016-09-07,23.6,3.9,290.0,91.5,186.06666666666663
2016-09-08,23.4,4.0,270.0,94.6,186.06666666666663
2016-09-09,23.8,4.6,340.0,90.8,186.06666666666663
2016-09-10,24.0,4.0,340.0,94.3,186.06666666666663
2016-09-11,23.7,4.7,180.0,90.8,186.06666666666663
2016-09-12,23.8,4.9,70.0,92.3,186.06666666666663
2016-09-13,24.0,4.6,270.0,87.0,186.06666666666663
2016-09-14,24.5,4.5,270.0,86.1,186.06666666666663
2016-09-15,23.6,3.6,270.0,92.5,186.06666666666663
2016-09-16,23.9,3.5,270.0,89.1,186.06666666666663
2016-09-17,23.2,9.3,90.0,79.0,186.06666666666663
2016-09-18,23.4,5.4,20.0,73.0,186.06666666666663
2016-09-19,22.0,7.1,90.0,69.3,186.06666666666663
2016-09-20,20.9,6.6,90.0,54.5,186.06666666666663
2016-09-21,20.8,4.5,90.0,58.0,186.06666666666663
2016-09-22,22.1,4.1,140.0,68.0,186.06666666666663
2016-09-23,21.6,4.1,340.0,81.5,186.06666666666663
2016-09-24,22.0,4.3,270.0,82.8,186.06666666666663
2016-09-25,22.4,3.5,270.0,83.0,186.06666666666663
2016-09-26,23.9,4.5,140.0,81.3,186.06666666666663
2016-09-27,21.0,4.9,50.0,95.4,186.06666666666663
2016-09-28,19.7,4.6,360.0,98.0,186.06666666666663
2016-09-29,20.3,6.0,90.0,85.1,186.06666666666663
2016-09-30,20.6,4.0,160.0,88.4,186.06666666666663
2016-10-01,21.1,2.9,340.0,93.5,180.06451612903226
2016-10-02,19.4,7.7,180.0,97.6,180.06451612903226
2016-10-03,22.0,8.1,230.0,89.1,180.06451612903226
2016-10-04,22.4,4.9,90.0,75.3,180.06451612903226
2016-10-05,21.0,7.5,340.0,82.0,180.06451612903226
2016-10-06,17.5,5.0,360.0,72.4,180.06451612903226
2016-10-07,19.4,6.7,180.0,85.0,180.06451612903226
2016-10-08,16.7,9.7,360.0,79.6,180.06451612903226
2016-10-09,11.5,8.4,360.0,57.4,180.06451612903226
2016-10-10,13.7,4.9,340.0,55.1,180.06451612903226
2016-10-11,16.2,4.0,340.0,79.0,180.06451612903226
2016-10-12,14.9,5.2,340.0,67.3,180.06451612903226
2016-10-13,15.0,4.3,20.0,58.4,180.06451612903226
2016-10-14,17.0,3.4,360.0,83.0,180.06451612903226
2016-10-15,19.2,4.6,340.0,78.5,180.06451612903226
2016-10-16,17.7,4.3,180.0,86.9,180.06451612903226
2016-10-17,17.6,4.4,290.0,94.4,180.06451612903226
2016-10-18,16.4,4.0,20.0,79.4,180.06451612903226
2016-10-19,17.7,4.2,270.0,87.6,180.06451612903226
2016-10-20,18.8,4.6,140.0,78.8,180.06451612903226
2016-10-21,18.2,5.7,140.0,73.0,180.06451612903226
2016-10-22,17.9,5.3,340.0,81.5,180.06451612903226
2016-10-23,14.0,7.8,90.0,82.0,180.06451612903226
2016-10-24,15.6,4.5,160.0,71.6,180.06451612903226
2016-10-25,14.8,7.3,180.0,91.4,180.06451612903226
2016-10-26,14.1,4.7,340.0,87.3,180.06451612903226
2016-10-27,15.0,4.6,50.0,63.3,180.06451612903226
2016-10-28,14.8,9.3,340.0,62.5,180.06451612903226
2016-10-29,7.7,8.2,20.0,40.6,180.06451612903226
2016-10-30,8.7,4.7,360.0,31.0,180.06451612903226
2016-10-31,6.7,7.4,360.0,61.8,180.06451612903226
2016-11-01,2.1,7.5,360.0,48.1,186.06666666666663
2016-11-02,5.1,3.7,20.0,57.9,186.06666666666663
2016-11-03,10.5,5.5,270.0,66.6,186.06666666666663
2016-11-04,13.0,6.7,230.0,74.1,186.06666666666663
2016-11-05,15.2,5.8,180.0,85.5,186.06666666666663
2016-11-06,15.1,5.8,160.0,65.6,186.06666666666663
2016-11-07,12.9,6.5,340.0,75.0,186.06666666666663
2016-11-08,4.1,8.9,340.0,57.3,186.06666666666663
2016-11-09,2.0,7.3,20.0,43.8,186.06666666666663
2016-11-10,6.4,5.6,160.0,61.8,186.06666666666663
2016-11-11,10.3,6.3,180.0,61.4,186.06666666666663
2016-11-12,12.5,6.4,200.0,66.4,186.06666666666663
2016-11-13,15.4,3.9,160.0,75.0,186.06666666666663
2016-11-14,13.7,5.8,340.0,81.1,186.06666666666663
2016-11-15,5.7,7.6,360.0,46.8,186.06666666666663
2016-11-16,5.8,4.1,340.0,50.4,186.06666666666663
2016-11-17,9.5,4.5,340.0,63.0,186.06666666666663
2016-11-18,11.7,4.2,180.0,60.5,186.06666666666663
2016-11-19,12.7,6.7,340.0,79.0,186.06666666666663
2016-11-20,9.1,7.4,340.0,51.3,186.06666666666663
2016-11-21,9.5,6.4,340.0,47.1,186.06666666666663
2016-11-22,1.9,8.9,360.0,49.0,186.06666666666663
2016-11-23,-1.6,8.3,360.0,44.9,186.06666666666663
2016-11-24,-1.2,5.7,340.0,41.4,186.06666666666663
2016-11-25,2.5,3.9,340.0,44.8,186.06666666666663
2016-11-26,2.2,4.9,160.0,76.4,186.06666666666663
2016-11-27,4.8,6.2,20.0,84.4,186.06666666666663
2016-11-28,2.3,6.7,360.0,55.8,186.06666666666663
2016-11-29,2.9,4.4,20.0,42.5,186.06666666666663
2016-11-30,6.8,5.7,270.0,64.6,186.06666666666663
2016-12-01,5.1,9.4,340.0,48.6,180.06451612903226
2016-12-02,3.0,4.0,50.0,54.8,180.06451612903226
2016-12-03,5.5,3.1,270.0,71.3,180.06451612903226
2016-12-04,6.9,4.2,160.0,68.4,180.06451612903226
2016-12-05,6.8,10.2,340.0,73.8,180.06451612903226
2016-12-06,-0.3,8.0,340.0,40.6,180.06451612903226
2016-12-07,3.4,6.0,180.0,63.4,180.06451612903226
2016-12-08,4.0,7.0,180.0,69.1,180.06451612903226
2016-12-09,2.2,7.6,20.0,65.3,180.06451612903226
2016-12-10,-1.0,6.9,20.0,51.5,180.06451612903226
2016-12-11,-0.1,6.0,20.0,42.8,180.06451612903226
2016-12-12,3.0,4.4,20.0,43.6,180.06451612903226
2016-12-13,3.5,6.5,340.0,60.3,180.06451612903226
2016-12-14,-1.2,6.0,20.0,57.8,180.06451612903226
2016-12-15,-4.1,7.7,360.0,44.4,180.06451612903226
2016-12-16,-3.3,6.5,360.0,48.4,180.06451612903226
2016-12-17,5.3,4.4,160.0,68.6,180.06451612903226
2016-12-18,6.7,5.3,180.0,68.5,180.06451612903226
2016-12-19,8.3,4.6,160.0,73.9,180.06451612903226
2016-12-20,7.3,5.3,340.0,77.8,180.06451612903226
2016-12-21,9.2,8.1,90.0,78.9,180.06451612903226
2016-12-22,5.8,7.3,290.0,91.3,180.06451612903226
2016-12-23,-1.7,7.7,340.0,73.1,180.06451612903226
2016-12-24,-2.0,4.5,50.0,68.0,180.06451612903226
2016-12-25,1.0,4.0,20.0,74.1,180.06451612903226
2016-12-26,2.5,6.0,360.0,73.1,180.06451612903226
2016-12-27,-1.8,9.8,340.0,54.0,180.06451612903226
2016-12-28,-3.5,4.8,20.0,53.5,180.06451612903226
2016-12-29,-3.5,7.6,340.0,56.9,180.06451612903226
2016-12-30,-2.1,4.8,20.0,58.3,180.06451612903226
2016-12-31,2.8,3.2,160.0,75.0,180.06451612903226
2017-01-01,5.1,3.7,180.0,78.6,193.38709677419357
2017-01-02,5.7,5.0,340.0,82.9,193.38709677419357
2017-01-03,3.4,4.1,290.0,68.8,193.38709677419357
2017-01-04,4.3,5.7,20.0,63.6,193.38709677419357
2017-01-05,4.8,6.1,90.0,53.5,193.38709677419357
2017-01-06,6.5,4.3,160.0,62.6,193.38709677419357
2017-01-07,5.0,3.7,20.0,74.0,193.38709677419357
2017-01-08,6.3,5.9,340.0,70.3,193.38709677419357
2017-01-09,1.9,7.1,340.0,66.3,193.38709677419357
2017-01-10,-2.4,8.0,340.0,49.6,193.38709677419357
2017-01-11,-1.9,6.8,340.0,42.6,193.38709677419357
2017-01-12,-0.7,7.2,340.0,51.0,193.38709677419357
2017-01-13,-4.9,8.3,340.0,52.6,193.38709677419357
2017-01-14,-7.1,9.9,340.0,37.4,193.38709677419357
2017-01-15,-5.3,6.3,20.0,41.1,193.38709677419357
2017-01-16,-2.9,4.6,20.0,44.6,193.38709677419357
2017-01-17,-0.7,3.5,340.0,57.8,193.38709677419357
2017-01-18,0.9,3.9,20.0,70.0,193.38709677419357
2017-01-19,-0.9,4.5,290.0,66.4,193.38709677419357
2017-01-20,-3.7,9.3,340.0,71.1,193.38709677419357
2017-01-21,-3.4,10.0,340.0,71.5,193.38709677419357
2017-01-22,-7.2,9.7,360.0,55.3,193.38709677419357
2017-01-23,-7.9,8.2,360.0,53.5,193.38709677419357
2017-01-24,-5.9,4.4,20.0,53.1,193.38709677419357
2017-01-25,-3.8,3.8,340.0,55.9,193.38709677419357
2017-01-26,0.0,8.0,230.0,72.4,193.38709677419357
2017-01-27,-2.4,10.0,290.0,47.3,193.38709677419357
2017-01-28,-1.6,4.5,340.0,44.4,193.38709677419357
2017-01-29,0.7,5.3,20.0,77.1,193.38709677419357
2017-01-30,-5.0,7.9,320.0,60.0,193.38709677419357
2017-01-31,-4.9,4.0,20.0,45.5,193.38709677419357
2017-02-01,-2.9,8.2,360.0,50.3,214.10714285714286
2017-02-02,-1.2,6.2,340.0,56.4,214.10714285714286
2017-02-03,2.5,3.4,250.0,69.1,214.10714285714286
2017-02-04,2.0,3.5,160.0,76.5,214.10714285714286
2017-02-05,1.4,8.6,340.0,80.6,214.10714285714286
2017-02-06,-1.3,8.8,360.0,53.6,214.10714285714286
2017-02-07,-1.9,4.8,360.0,46.9,214.10714285714286
2017-02-08,-1.7,7.6,340.0,52.3,214.10714285714286
2017-02-09,-4.5,9.0,340.0,52.4,214.10714285714286
2017-02-10,-5.6,8.9,360.0,48.0,214.10714285714286
2017-02-11,-3.7,8.7,360.0,49.9,214.10714285714286
2017-02-12,-0.8,5.3,270.0,55.5,214.10714285714286
2017-02-13,1.2,5.1,360.0,61.6,214.10714285714286
2017-02-14,0.8,5.3,340.0,53.0,214.10714285714286
2017-02-15,2.1,3.9,230.0,68.0,214.10714285714286
2017-02-16,6.2,6.1,180.0,68.6,214.10714285714286
2017-02-17,0.3,9.1,340.0,60.1,214.10714285714286
2017-02-18,-1.6,6.6,340.0,51.8,214.10714285714286
2017-02-19,3.0,8.3,200.0,72.4,214.10714285714286
2017-02-20,-1.7,10.0,340.0,56.8,214.10714285714286
2017-02-21,-1.3,5.9,20.0,45.9,214.10714285714286
2017-02-22,1.3,8.5,340.0,80.9,214.10714285714286
2017-02-23,-1.1,10.1,340.0,58.1,214.10714285714286
2017-02-24,-0.1,4.9,250.0,55.5,214.10714285714286
2017-02-25,2.9,5.4,250.0,72.6,214.10714285714286
2017-02-26,3.2,6.3,20.0,60.8,214.10714285714286
2017-02-27,3.7,4.7,340.0,42.0,214.10714285714286
2017-02-28,5.2,4.6,180.0,47.8,214.10714285714286
2017-03-01,5.3,6.3,290.0,64.9,193.38709677419357
2017-03-02,1.5,6.9,340.0,62.8,193.38709677419357
2017-03-03,3.5,5.7,200.0,67.1,193.38709677419357
2017-03-04,5.3,3.6,340.0,69.4,193.38709677419357
2017-03-05,4.5,8.2,340.0,83.9,193.38709677419357
2017-03-06,0.4,10.4,340.0,48.5,193.38709677419357
2017-03-07,-1.2,9.1,360.0,47.4,193.38709677419357
2017-03-08,0.9,6.6,270.0,57.9,193.38709677419357
2017-03-09,3.9,7.2,270.0,61.1,193.38709677419357
2017-03-10,5.0,4.7,270.0,48.8,193.38709677419357
2017-03-11,6.7,4.4,270.0,53.6,193.38709677419357
2017-03-12,7.4,5.7,340.0,73.5,193.38709677419357
2017-03-13,5.7,6.6,340.0,57.3,193.38709677419357
2017-03-14,5.6,8.1,360.0,42.9,193.38709677419357
2017-03-15,5.3,4.9,360.0,45.1,193.38709677419357
2017-03-16,5.3,5.3,270.0,59.1,193.38709677419357
2017-03-17,6.7,5.6,270.0,57.8,193.38709677419357
2017-03-18,7.9,5.3,270.0,61.4,193.38709677419357
2017-03-19,9.5,4.6,340.0,57.8,193.38709677419357
2017-03-20,9.1,4.3,250.0,57.4,193.38709677419357
2017-03-21,7.0,8.2,340.0,53.6,193.38709677419357
2017-03-22,6.9,5.6,340.0,49.5,193.38709677419357
2017-03-23,8.2,5.5,320.0,50.5,193.38709677419357
2017-03-24,8.2,4.7,340.0,46.3,193.38709677419357
2017-03-25,6.4,5.0,250.0,64.8,193.38709677419357
2017-03-26,6.2,5.9,270.0,79.1,193.38709677419357
2017-03-27,6.5,8.7,20.0,76.4,193.38709677419357
2017-03-28,6.8,4.4,250.0,75.1,193.38709677419357
2017-03-29,7.5,4.8,340.0,69.8,193.38709677419357
2017-03-30,9.2,5.0,340.0,65.5,193.38709677419357
2017-03-31,9.2,5.6,50.0,75.5,193.38709677419357
2017-04-01,7.9,6.3,270.0,69.3,199.83333333333331
2017-04-02,8.6,5.4,250.0,61.1,199.83333333333331
2017-04-03,9.6,5.7,250.0,67.6,199.83333333333331
2017-04-04,12.4,4.9,270.0,51.9,199.83333333333331
2017-04-05,11.7,7.1,140.0,69.1,199.83333333333331
2017-04-06,8.6,5.7,230.0,97.1,199.83333333333331
2017-04-07,11.6,4.3,340.0,80.9,199.83333333333331
2017-04-08,9.5,4.4,250.0,91.3,199.83333333333331
2017-04-09,14.1,6.4,90.0,62.8,199.83333333333331
2017-04-10,15.1,6.1,140.0,29.9,199.83333333333331
2017-04-11,13.2,9.2,340.0,51.4,199.83333333333331
2017-04-12,10.7,9.7,360.0,32.6,199.83333333333331
2017-04-13,11.4,5.9,200.0,67.8,199.83333333333331
2017-04-14,12.0,7.3,250.0,67.9,199.83333333333331
2017-04-15,14.3,5.1,270.0,75.1,199.83333333333331
2017-04-16,15.0,3.8,180.0,79.8,199.83333333333331
2017-04-17,14.0,7.1,50.0,76.3,199.83333333333331
2017-04-18,11.4,9.0,200.0,81.5,199.83333333333331
2017-04-19,12.0,6.0,320.0,51.1,199.83333333333331
2017-04-20,12.1,4.2,250.0,54.1,199.83333333333331
2017-04-21,11.4,5.7,290.0,75.4,199.83333333333331
2017-04-22,13.2,6.0,290.0,60.6,199.83333333333331
2017-04-23,13.4,5.3,270.0,51.3,199.83333333333331
2017-04-24,14.1,6.4,200.0,51.1,199.83333333333331
2017-04-25,14.0,4.7,200.0,72.1,199.83333333333331
2017-04-26,14.0,8.0,270.0,43.0,199.83333333333331
2017-04-27,12.8,7.6,270.0,56.4,199.83333333333331
2017-04-28,12.7,6.6,230.0,72.5,199.83333333333331
2017-04-29,15.1,6.8,200.0,56.9,199.83333333333331
2017-04-30,16.8,5.7,200.0,72.5,199.83333333333331
2017-05-01,16.8,4.8,270.0,74.1,193.38709677419357
2017-05-02,17.5,4.4,360.0,54.8,193.38709677419357
2017-05-03,19.2,6.2,290.0,53.9,193.38709677419357
2017-05-04,19.4,5.0,340.0,54.6,193.38709677419357
2017-05-05,18.5,8.4,360.0,63.3,193.38709677419357
2017-05-06,13.6,10.1,270.0,47.6,193.38709677419357
2017-05-07,14.8,8.5,270.0,62.6,193.38709677419357
2017-05-08,16.4,5.5,230.0,59.4,193.38709677419357
2017-05-09,16.0,4.8,110.0,72.3,193.38709677419357
2017-05-10,15.1,6.1,270.0,83.6,193.38709677419357
2017-05-11,17.7,4.1,140.0,73.3,193.38709677419357
2017-05-12,17.3,5.6,230.0,81.8,193.38709677419357
2017-05-13,15.4,10.7,180.0,83.4,193.38709677419357
2017-05-14,14.9,7.8,290.0,62.1,193.38709677419357
2017-05-15,14.8,5.4,290.0,74.8,193.38709677419357
2017-05-16,15.2,4.5,270.0,75.4,193.38709677419357
2017-05-17,16.9,4.4,270.0,70.5,193.38709677419357
2017-05-18,18.3,4.4,250.0,58.4,193.38709677419357
2017-05-19,18.9,5.1,250.0,57.1,193.38709677419357
2017-05-20,18.8,5.1,270.0,59.3,193.38709677419357
2017-05-21,19.5,5.8,340.0,60.8,193.38709677419357
2017-05-22,19.8,4.3,250.0,67.1,193.38709677419357
2017-05-23,18.5,4.4,230.0,77.1,193.38709677419357
2017-05-24,19.4,5.3,340.0,73.9,193.38709677419357
2017-05-25,18.1,8.9,360.0,55.9,193.38709677419357
2017-05-26,16.8,6.7,20.0,51.9,193.38709677419357
2017-05-27,17.6,4.6,270.0,57.4,193.38709677419357
2017-05-28,19.7,6.1,230.0,58.0,193.38709677419357
2017-05-29,20.0,4.3,230.0,75.9,193.38709677419357
2017-05-30,20.8,4.1,180.0,62.3,193.38709677419357
2017-05-31,20.3,4.5,270.0,77.8,193.38709677419357
2017-06-01,21.6,7.8,340.0,65.3,199.83333333333331
2017-06-02,19.6,6.2,340.0,48.1,199.83333333333331
2017-06-03,19.2,7.9,270.0,56.1,199.83333333333331
2017-06-04,20.5,5.4,270.0,51.1,199.83333333333331
2017-06-05,22.6,4.4,360.0,44.4,199.83333333333331
2017-06-06,19.2,7.2,140.0,64.4,199.83333333333331
2017-06-07,17.6,6.2,340.0,90.8,199.83333333333331
2017-06-08,18.5,5.3,270.0,80.3,199.83333333333331
2017-06-09,19.1,7.7,230.0,85.3,199.83333333333331
2017-06-10,20.1,5.1,20.0,53.0,199.83333333333331
2017-06-11,21.9,5.4,90.0,44.5,199.83333333333331
2017-06-12,21.3,5.5,140.0,55.3,199.83333333333331
2017-06-13,19.8,6.1,270.0,79.0,199.83333333333331
2017-06-14,19.5,5.4,270.0,80.4,199.83333333333331
2017-06-15,20.4,5.8,250.0,81.5,199.83333333333331
2017-06-16,22.6,4.8,250.0,72.4,199.83333333333331
2017-06-17,22.1,4.8,270.0,66.4,199.83333333333331
2017-06-18,21.9,4.8,270.0,72.5,199.83333333333331
2017-06-19,22.3,3.5,340.0,71.1,199.83333333333331
2017-06-20,23.9,4.0,340.0,56.5,199.83333333333331
2017-06-21,22.9,6.2,270.0,70.3,199.83333333333331
2017-06-22,23.2,5.3,340.0,74.1,199.83333333333331
2017-06-23,24.0,5.4,290.0,71.6,199.83333333333331
2017-06-24,22.4,5.6,340.0,70.0,199.83333333333331
2017-06-25,24.0,5.3,340.0,64.1,199.83333333333331
2017-06-26,23.3,7.2,160.0,76.6,199.83333333333331
2017-06-27,23.8,4.4,290.0,76.4,199.83333333333331
2017-06-28,24.4,4.9,270.0,76.0,199.83333333333331
2017-06-29,24.2,4.6,290.0,78.5,199.83333333333331
2017-06-30,24.2,4.1,290.0,80.6,199.83333333333331
2017-07-01,24.1,4.9,230.0,84.3,193.38709677419357
2017-07-02,23.6,9.5,290.0,96.0,193.38709677419357
2017-07-03,23.2,7.3,230.0,95.8,193.38709677419357
2017-07-04,24.8,4.7,290.0,87.9,193.38709677419357
2017-07-05,26.0,4.3,340.0,75.5,193.38709677419357
2017-07-06,26.6,5.2,290.0,79.6,193.38709677419357
2017-07-07,25.9,6.9,200.0,87.4,193.38709677419357
2017-07-08,25.3,6.2,180.0,91.4,193.38709677419357
2017-07-09,26.0,5.3,200.0,89.0,193.38709677419357
2017-07-10,23.7,6.7,230.0,97.0,193.38709677419357
2017-07-11,24.9,4.2,230.0,90.4,193.38709677419357
2017-07-12,25.2,4.4,270.0,88.3,193.38709677419357
2017-07-13,26.0,3.8,250.0,81.6,193.38709677419357
2017-07-14,27.2,6.3,250.0,78.9,193.38709677419357
2017-07-15,23.9,5.4,250.0,95.9,193.38709677419357
2017-07-16,25.3,5.9,70.0,91.3,193.38709677419357
2017-07-17,25.6,4.2,270.0,87.0,193.38709677419357
2017-07-18,25.7,3.6,250.0,88.6,193.38709677419357
2017-07-19,26.6,4.7,290.0,78.9,193.38709677419357
2017-07-20,27.8,4.1,270.0,79.5,193.38709677419357
2017-07-21,27.8,5.0,230.0,86.1,193.38709677419357
2017-07-22,27.6,4.5,200.0,88.8,193.38709677419357
2017-07-23,26.0,8.5,90.0,95.2,193.38709677419357
2017-07-24,25.2,3.2,250.0,93.3,193.38709677419357
2017-07-25,28.2,4.8,90.0,75.4,193.38709677419357
2017-07-26,28.0,5.9,140.0,68.5,193.38709677419357
2017-07-27,26.5,4.1,180.0,72.5,193.38709677419357
2017-07-28,25.4,3.8,180.0,95.4,193.38709677419357
2017-07-29,27.1,4.5,160.0,78.3,193.38709677419357
2017-07-30,26.9,5.1,180.0,75.8,193.38709677419357
2017-07-31,25.1,4.6,180.0,91.3,193.38709677419357
2017-08-01,27.2,3.9,270.0,80.5,193.38709677419357
2017-08-02,29.4,3.5,340.0,77.9,193.38709677419357
2017-08-03,29.8,5.1,160.0,63.8,193.38709677419357
2017-08-04,29.5,5.3,340.0,65.9,193.38709677419357
2017-08-05,30.9,5.9,340.0,71.1,193.38709677419357
2017-08-06,29.1,4.6,180.0,75.4,193.38709677419357
2017-08-07,27.7,5.2,270.0,79.9,193.38709677419357
2017-08-08,26.9,4.9,270.0,78.8,193.38709677419357
2017-08-09,27.5,4.4,90.0,72.0,193.38709677419357
2017-08-10,25.5,4.7,110.0,87.8,193.38709677419357
2017-08-11,25.9,5.4,180.0,77.6,193.38709677419357
2017-08-12,27.4,4.4,140.0,67.5,193.38709677419357
2017-08-13,26.1,5.5,140.0,68.3,193.38709677419357
2017-08-14,24.5,5.7,90.0,73.5,193.38709677419357
2017-08-15,22.0,6.6,140.0,95.3,193.38709677419357
2017-08-16,23.3,5.7,90.0,88.8,193.38709677419357
2017-08-17,24.3,3.9,270.0,85.6,193.38709677419357
2017-08-18,25.4,3.9,270.0,81.9,193.38709677419357
2017-08-19,26.1,4.1,180.0,79.6,193.38709677419357
2017-08-20,23.5,7.2,160.0,94.1,193.38709677419357
2017-08-21,25.2,7.4,180.0,87.8,193.38709677419357
2017-08-22,26.2,3.6,250.0,78.4,193.38709677419357
2017-08-23,26.4,6.4,250.0,93.4,193.38709677419357
2017-08-24,25.8,8.7,230.0,91.3,193.38709677419357
2017-08-25,24.7,4.8,270.0,70.3,193.38709677419357
2017-08-26,24.1,4.6,340.0,54.0,193.38709677419357
2017-08-27,22.7,3.0,180.0,63.9,193.38709677419357
2017-08-28,21.0,6.5,20.0,79.9,193.38709677419357
2017-08-29,18.9,7.3,20.0,52.1,193.38709677419357
2017-08-30,19.5,5.2,20.0,60.3,193.38709677419357
2017-08-31,21.9,5.8,360.0,70.8,193.38709677419357
2017-09-01,22.5,5.4,340.0,63.6,199.83333333333331
2017-09-02,22.9,4.5,270.0,68.0,199.83333333333331
2017-09-03,23.5,4.1,270.0,68.8,199.83333333333331
2017-09-04,24.3,4.1,290.0,56.9,199.83333333333331
2017-09-05,22.5,3.9,180.0,65.8,199.83333333333331
2017-09-06,20.8,4.0,20.0,82.5,199.83333333333331
2017-09-07,22.2,4.2,270.0,80.4,199.83333333333331
2017-09-08,23.6,4.5,340.0,76.3,199.83333333333331
2017-09-09,23.4,4.6,340.0,81.4,199.83333333333331
2017-09-10,22.9,3.6,90.0,80.6,199.83333333333331
2017-09-11,21.4,5.7,50.0,80.6,199.83333333333331
2017-09-12,22.5,6.5,340.0,60.4,199.83333333333331
2017-09-13,21.3,5.2,340.0,53.1,199.83333333333331
2017-09-14,22.1,6.4,340.0,50.5,199.83333333333331
2017-09-15,23.0,6.2,90.0,48.6,199.83333333333331
2017-09-16,22.2,6.6,90.0,50.8,199.83333333333331
2017-09-17,22.2,6.3,20.0,57.6,199.83333333333331
2017-09-18,21.5,4.8,250.0,68.6,199.83333333333331
2017-09-19,22.3,9.0,270.0,87.6,199.83333333333331
2017-09-20,20.1,6.6,360.0,51.3,199.83333333333331
2017-09-21,20.6,3.8,270.0,65.4,199.83333333333331
2017-09-22,20.7,4.5,250.0,67.5,199.83333333333331
2017-09-23,21.8,4.9,180.0,83.5,199.83333333333331
2017-09-24,22.3,6.6,20.0,80.6,199.83333333333331
2017-09-25,22.6,4.2,340.0,66.8,199.83333333333331
2017-09-26,24.1,4.1,360.0,66.1,199.83333333333331
2017-09-27,21.4,6.0,360.0,72.5,199.83333333333331
2017-09-28,18.6,8.2,340.0,53.3,199.83333333333331
2017-09-29,17.5,4.9,340.0,46.0,199.83333333333331
2017-09-30,19.8,5.0,270.0,73.4,199.83333333333331
2017-10-01,17.8,5.0,50.0,78.6,193.38709677419357
2017-10-02,20.2,6.5,360.0,65.3,193.38709677419357
2017-10-03,16.2,7.2,360.0,49.4,193.38709677419357
2017-10-04,15.4,5.5,360.0,49.3,193.38709677419357
2017-10-05,18.3,4.9,70.0,60.5,193.38709677419357
2017-10-06,19.0,5.0,70.0,64.4,193.38709677419357
2017-10-07,19.9,3.6,360.0,77.6,193.38709677419357
2017-10-08,21.2,4.3,320.0,76.9,193.38709677419357
2017-10-09,20.8,3.4,320.0,81.4,193.38709677419357
2017-10-10,20.8,4.9,290.0,86.3,193.38709677419357
2017-10-11,14.8,7.0,340.0,80.1,193.38709677419357
2017-10-12,11.1,5.6,360.0,64.4,193.38709677419357
2017-10-13,12.4,5.0,360.0,57.5,193.38709677419357
2017-10-14,14.2,6.2,20.0,49.6,193.38709677419357
2017-10-15,15.4,4.2,50.0,46.3,193.38709677419357
2017-10-16,15.8,5.5,360.0,53.0,193.38709677419357
2017-10-17,14.9,3.8,340.0,52.8,193.38709677419357
2017-10-18,16.2,5.0,70.0,61.5,193.38709677419357
2017-10-19,16.5,4.3,360.0,63.3,193.38709677419357
2017-10-20,16.3,4.0,360.0,67.3,193.38709677419357
2017-10-21,16.5,5.2,360.0,64.6,193.38709677419357
2017-10-22,15.8,9.3,50.0,57.0,193.38709677419357
2017-10-23,13.2,5.6,20.0,57.9,193.38709677419357
2017-10-24,14.5,4.1,340.0,62.0,193.38709677419357
2017-10-25,14.3,3.9,360.0,70.3,193.38709677419357
2017-10-26,14.4,4.3,340.0,67.9,193.38709677419357
2017-10-27,15.7,4.4,360.0,65.5,193.38709677419357
2017-10-28,16.3,5.0,340.0,64.0,193.38709677419357
2017-10-29,11.5,9.6,360.0,51.0,193.38709677419357
2017-10-30,7.6,8.3,360.0,36.4,193.38709677419357
2017-10-31,11.1,4.5,250.0,60.6,193.38709677419357
2017-11-01,14.6,5.2,320.0,81.1,199.83333333333331
2017-11-02,15.4,5.0,290.0,86.8,199.83333333333331
2017-11-03,11.7,9.2,340.0,70.0,199.83333333333331
2017-11-04,7.0,6.2,340.0,53.1,199.83333333333331
2017-11-05,9.6,3.1,360.0,56.3,199.83333333333331
2017-11-06,12.0,3.6,320.0,69.0,199.83333333333331
2017-11-07,14.8,5.0,320.0,69.0,199.83333333333331
2017-11-08,12.3,7.5,340.0,64.3,199.83333333333331
2017-11-09,9.5,4.1,360.0,50.4,199.83333333333331
2017-11-10,10.3,12.2,340.0,64.4,199.83333333333331
2017-11-11,6.2,7.1,360.0,49.9,199.83333333333331
2017-11-12,6.2,4.4,360.0,61.3,199.83333333333331
2017-11-13,9.4,6.2,340.0,68.6,199.83333333333331
2017-11-14,8.0,6.8,340.0,45.8,199.83333333333331
2017-11-15,3.6,7.9,360.0,49.9,199.83333333333331
2017-11-16,1.5,3.6,20.0,37.0,199.83333333333331
2017-11-17,4.0,8.5,20.0,45.4,199.83333333333331
2017-11-18,-1.9,10.2,360.0,44.6,199.83333333333331
2017-11-19,-0.6,6.7,360.0,42.5,199.83333333333331
2017-11-20,0.4,4.5,50.0,61.8,199.83333333333331
2017-11-21,2.3,3.7,20.0,63.9,199.83333333333331
2017-11-22,5.3,8.2,340.0,63.3,199.83333333333331
2017-11-23,1.8,9.7,340.0,54.8,199.83333333333331
2017-11-24,0.1,6.6,340.0,66.1,199.83333333333331
2017-11-25,4.6,8.0,200.0,77.1,199.83333333333331
2017-11-26,2.8,6.3,360.0,71.5,199.83333333333331
2017-11-27,1.7,3.8,20.0,58.4,199.83333333333331
2017-11-28,6.0,4.3,200.0,69.8,199.83333333333331
2017-11-29,2.2,7.4,360.0,52.3,199.83333333333331
2017-11-30,-2.6,8.3,340.0,35.8,199.83333333333331
2017-12-01,-1.6,5.1,270.0,59.1,193.38709677419357
2017-12-02,2.8,4.4,180.0,68.8,193.38709677419357
2017-12-03,6.6,6.2,180.0,83.0,193.38709677419357
2017-12-04,-1.1,8.1,340.0,54.9,193.38709677419357
2017-12-05,-3.8,8.6,360.0,48.8,193.38709677419357
2017-12-06,1.7,6.2,200.0,75.5,193.38709677419357
2017-12-07,0.5,7.6,360.0,68.8,193.38709677419357
2017-12-08,-3.2,7.8,360.0,48.1,193.38709677419357
2017-12-09,0.5,3.6,200.0,50.9,193.38709677419357
2017-12-10,2.6,11.0,340.0,72.9,193.38709677419357
2017-12-11,-6.4,11.8,340.0,48.4,193.38709677419357
2017-12-12,-8.7,6.1,360.0,50.9,193.38709677419357
2017-12-13,-7.7,5.9,20.0,44.4,193.38709677419357
2017-12-14,-6.2,4.3,50.0,47.4,193.38709677419357
2017-12-15,-2.5,5.7,360.0,56.3,193.38709677419357
2017-12-16,-5.0,8.2,360.0,48.0,193.38709677419357
2017-12-17,-5.9,8.7,360.0,44.5,193.38709677419357
2017-12-18,0.5,7.9,340.0,78.5,193.38709677419357
2017-12-19,-3.8,8.3,360.0,54.1,193.38709677419357
2017-12-20,-2.1,6.0,200.0,73.0,193.38709677419357
2017-12-21,-0.2,3.8,20.0,72.0,193.38709677419357
2017-12-22,4.0,5.0,200.0,73.8,193.38709677419357
2017-12-23,5.9,4.6,180.0,83.5,193.38709677419357
2017-12-24,3.2,8.0,340.0,87.3,193.38709677419357
2017-12-25,-2.0,9.5,340.0,51.5,193.38709677419357
2017-12-26,-3.3,8.6,340.0,45.6,193.38709677419357
2017-12-27,-6.3,7.0,340.0,35.8,193.38709677419357
2017-12-28,-1.7,3.9,340.0,48.9,193.38709677419357
2017-12-29,2.2,4.3,340.0,74.8,193.38709677419357
2017-12-30,1.5,4.4,360.0,86.1,193.38709677419357
2017-12-31,0.1,6.6,340.0,58.9,193.38709677419357
2018-01-01,-0.3,2.9,270.0,45.9,198.80645161290326
2018-01-02,-1.4,6.5,340.0,46.3,198.80645161290326
2018-01-03,-4.4,6.4,340.0,47.8,198.80645161290326
2018-01-04,-5.0,5.9,340.0,47.1,198.80645161290326
2018-01-05,-2.8,5.4,320.0,59.8,198.80645161290326
2018-01-06,-2.0,4.2,20.0,51.6,198.80645161290326
2018-01-07,-0.9,4.9,90.0,51.9,198.80645161290326
2018-01-08,0.7,8.7,320.0,62.4,198.80645161290326
2018-01-09,-3.9,10.3,340.0,65.9,198.80645161290326
2018-01-10,-7.1,9.4,340.0,56.8,198.80645161290326
2018-01-11,-10.7,8.1,340.0,55.1,198.80645161290326
2018-01-12,-9.8,6.1,360.0,50.0,198.80645161290326
2018-01-13,-3.3,3.7,160.0,82.0,198.80645161290326
2018-01-14,1.5,6.5,180.0,70.1,198.80645161290326
2018-01-15,3.8,4.8,340.0,75.5,198.80645161290326
2018-01-16,2.7,3.6,20.0,75.4,198.80645161290326
2018-01-17,3.2,4.3,270.0,79.5,198.80645161290326
2018-01-18,1.6,5.0,360.0,71.1,198.80645161290326
2018-01-19,0.9,4.9,20.0,47.4,198.80645161290326
2018-01-20,2.1,5.0,20.0,67.3,198.80645161290326
2018-01-21,-0.2,4.3,340.0,46.5,198.80645161290326
2018-01-22,-0.2,9.3,340.0,61.5,198.80645161290326
2018-01-23,-11.3,12.1,340.0,42.3,198.80645161290326
2018-01-24,-13.7,11.4,360.0,37.6,198.80645161290326
2018-01-25,-13.5,9.0,20.0,39.0,198.80645161290326
2018-01-26,-14.6,9.2,340.0,41.5,198.80645161290326
2018-01-27,-9.7,4.3,340.0,46.6,198.80645161290326
2018-01-28,-5.8,7.9,340.0,41.3,198.80645161290326
2018-01-29,-7.9,7.1,360.0,42.8,198.80645161290326
2018-01-30,-4.1,5.4,270.0,65.9,198.80645161290326
2018-01-31,-2.0,6.0,340.0,55.9,198.80645161290326
2018-02-01,-3.7,4.7,340.0,48.3,220.10714285714286
2018-02-02,-2.5,5.0,340.0,53.1,220.10714285714286
2018-02-03,-7.3,8.6,340.0,51.6,220.10714285714286
2018-02-04,-8.9,8.2,340.0,48.5,220.10714285714286
2018-02-05,-8.7,8.1,340.0,43.4,220.10714285714286
2018-02-06,-9.8,7.4,360.0,43.8,220.10714285714286
2018-02-07,-7.1,4.3,340.0,49.5,220.10714285714286
2018-02-08,-4.4,3.7,340.0,61.9,220.10714285714286
2018-02-09,0.7,3.8,250.0,54.3,220.10714285714286
2018-02-10,-1.2,9.8,340.0,60.0,220.10714285714286
2018-02-11,-5.7,7.9,340.0,52.6,220.10714285714286
2018-02-12,-5.5,7.5,340.0,52.4,220.10714285714286
2018-02-13,-0.2,6.2,230.0,60.4,220.10714285714286
2018-02-14,2.8,7.3,270.0,58.0,220.10714285714286
2018-02-15,-1.4,6.6,20.0,36.8,220.10714285714286
2018-02-16,-1.6,7.0,340.0,49.4,220.10714285714286
2018-02-17,-3.0,7.3,360.0,35.6,220.10714285714286
2018-02-18,-1.0,4.4,270.0,37.8,220.10714285714286
2018-02-19,1.3,4.2,340.0,63.5,220.10714285714286
2018-02-20,0.8,6.9,360.0,46.6,220.10714285714286
2018-02-21,-1.0,6.1,340.0,40.9,220.10714285714286
2018-02-22,1.6,6.3,250.0,68.8,220.10714285714286
2018-02-23,3.9,5.9,230.0,88.1,220.10714285714286
2018-02-24,1.3,5.7,20.0,58.3,220.10714285714286
2018-02-25,0.4,4.8,270.0,52.9,220.10714285714286
2018-02-26,1.7,4.1,250.0,52.9,220.10714285714286
2018-02-27,4.0,4.1,110.0,58.8,220.10714285714286
2018-02-28,4.4,8.1,90.0,74.9,220.10714285714286
2018-03-01,-0.6,11.3,340.0,66.1,198.80645161290326
2018-03-02,-1.1,6.5,360.0,38.9,198.80645161290326
2018-03-03,7.2,4.6,140.0,41.0,198.80645161290326
2018-03-04,8.7,8.7,50.0,95.1,198.80645161290326
2018-03-05,5.1,7.4,50.0,72.8,198.80645161290326
2018-03-06,3.3,6.1,340.0,57.8,198.80645161290326
2018-03-07,6.2,5.9,140.0,60.5,198.80645161290326
2018-03-08,3.9,7.2,340.0,83.4,198.80645161290326
2018-03-09,3.7,4.9,270.0,72.8,198.80645161290326
2018-03-10,3.6,5.0,250.0,81.6,198.80645161290326
2018-03-11,4.6,4.1,250.0,82.1,198.80645161290326
2018-03-12,6.6,4.3,200.0,69.6,198.80645161290326
2018-03-13,11.4,6.8,230.0,70.3,198.80645161290326
2018-03-14,15.5,5.3,200.0,68.4,198.80645161290326
2018-03-15,10.5,7.6,20.0,95.0,198.80645161290326
2018-03-16,7.4,6.8,50.0,53.3,198.80645161290326
2018-03-17,6.6,4.5,160.0,53.1,198.80645161290326
2018-03-18,6.8,4.5,20.0,72.9,198.80645161290326
2018-03-19,8.0,9.2,90.0,69.6,198.80645161290326
2018-03-20,5.3,9.8,70.0,42.6,198.80645161290326
2018-03-21,2.2,8.4,90.0,67.6,198.80645161290326
2018-03-22,4.1,5.8,270.0,70.9,198.80645161290326
2018-03-23,5.0,4.3,250.0,72.1,198.80645161290326
2018-03-24,5.6,4.0,250.0,80.9,198.80645161290326
2018-03-25,5.7,4.6,250.0,89.5,198.80645161290326
2018-03-26,7.7,3.7,250.0,86.8,198.80645161290326
2018-03-27,10.9,4.6,250.0,76.6,198.80645161290326
2018-03-28,12.5,5.5,230.0,79.6,198.80645161290326
2018-03-29,13.4,4.3,270.0,81.6,198.80645161290326
2018-03-30,12.4,4.5,250.0,65.1,198.80645161290326
2018-03-31,12.2,4.6,250.0,65.3,198.80645161290326
2018-04-01,14.1,5.6,200.0,79.0,205.4333333333333
2018-04-02,16.8,5.3,200.0,74.9,205.4333333333333
2018-04-03,15.5,5.0,230.0,86.6,205.4333333333333
2018-04-04,12.1,7.2,20.0,73.0,205.4333333333333
2018-04-05,8.4,6.4,160.0,92.0,205.4333333333333
2018-04-06,5.4,11.0,270.0,74.1,205.4333333333333
2018-04-07,4.5,10.0,340.0,47.1,205.4333333333333
2018-04-08,4.8,6.5,70.0,66.8,205.4333333333333
2018-04-09,7.5,3.8,20.0,60.0,205.4333333333333
2018-04-10,14.4,11.8,200.0,60.5,205.4333333333333
2018-04-11,10.3,6.2,250.0,67.9,205.4333333333333
2018-04-12,11.3,7.3,360.0,49.1,205.4333333333333
2018-04-13,14.5,6.4,160.0,28.9,205.4333333333333
2018-04-14,9.0,7.2,360.0,82.0,205.4333333333333
2018-04-15,9.2,6.3,270.0,69.9,205.4333333333333
2018-04-16,10.7,5.2,340.0,47.1,205.4333333333333
2018-04-17,11.5,4.8,250.0,49.5,205.4333333333333
2018-04-18,10.6,5.1,250.0,45.8,205.4333333333333
2018-04-19,12.0,4.9,250.0,51.4,205.4333333333333
2018-04-20,15.7,3.8,340.0,57.1,205.4333333333333
2018-04-21,16.4,4.7,290.0,50.6,205.4333333333333
2018-04-22,15.3,9.1,90.0,67.9,205.4333333333333
2018-04-23,9.9,8.8,90.0,94.6,205.4333333333333
2018-04-24,12.1,7.5,90.0,67.1,205.4333333333333
2018-04-25,14.3,4.9,270.0,44.1,205.4333333333333
2018-04-26,13.3,5.6,290.0,64.9,205.4333333333333
2018-04-27,13.2,3.9,250.0,71.3,205.4333333333333
2018-04-28,12.9,5.1,270.0,65.6,205.4333333333333
2018-04-29,14.6,4.5,270.0,53.0,205.4333333333333
2018-04-30,17.4,3.9,340.0,78.4,205.4333333333333
2018-05-01,18.5,4.5,360.0,86.6,198.80645161290326
2018-05-02,14.5,9.9,340.0,91.3,198.80645161290326
2018-05-03,11.8,8.4,360.0,62.1,198.80645161290326
2018-05-04,13.5,9.7,270.0,54.3,198.80645161290326
2018-05-05,16.9,5.6,230.0,59.3,198.80645161290326
2018-05-06,16.3,6.1,90.0,88.3,198.80645161290326
2018-05-07,17.5,4.2,340.0,70.5,198.80645161290326
2018-05-08,18.1,7.2,90.0,52.5,198.80645161290326
2018-05-09,14.8,6.2,110.0,59.0,198.80645161290326
2018-05-10,13.2,4.7,340.0,83.9,198.80645161290326
2018-05-11,13.6,4.0,270.0,83.8,198.80645161290326
2018-05-12,13.7,6.0,230.0,89.5,198.80645161290326
2018-05-13,13.4,4.7,270.0,91.0,198.80645161290326
2018-05-14,16.4,3.1,230.0,81.5,198.80645161290326
2018-05-15,22.6,4.0,230.0,58.4,198.80645161290326
2018-05-16,20.8,8.3,200.0,94.5,198.80645161290326
2018-05-17,19.2,8.9,290.0,98.5,198.80645161290326
2018-05-18,15.6,6.2,70.0,90.4,198.80645161290326
2018-05-19,17.9,6.0,70.0,52.9,198.80645161290326
2018-05-20,18.0,7.3,110.0,33.6,198.80645161290326
2018-05-21,17.3,5.2,160.0,50.0,198.80645161290326
2018-05-22,17.6,4.1,340.0,81.0,198.80645161290326
2018-05-23,15.8,6.6,270.0,70.8,198.80645161290326
2018-05-24,16.6,5.9,250.0,57.5,198.80645161290326
2018-05-25,18.4,3.7,270.0,49.1,198.80645161290326
2018-05-26,19.8,5.3,270.0,63.8,198.80645161290326
2018-05-27,18.1,4.6,250.0,55.4,198.80645161290326
2018-05-28,20.0,4.6,290.0,62.6,198.80645161290326
2018-05-29,19.6,5.2,270.0,84.1,198.80645161290326
2018-05-30,18.0,4.8,290.0,88.1,198.80645161290326
2018-05-31,19.2,4.6,290.0,70.6,198.80645161290326
2018-06-01,20.9,4.6,270.0,64.5,205.4333333333333
2018-06-02,20.7,5.5,270.0,59.0,205.4333333333333
2018-06-03,21.9,3.7,340.0,55.5,205.4333333333333
2018-06-04,20.4,3.8,230.0,70.0,205.4333333333333
2018-06-05,22.2,4.9,340.0,57.3,205.4333333333333
2018-06-06,19.7,3.9,290.0,82.8,205.4333333333333
2018-06-07,19.3,4.6,270.0,84.8,205.4333333333333
2018-06-08,20.4,5.0,270.0,79.1,205.4333333333333
2018-06-09,21.9,4.6,90.0,78.6,205.4333333333333
2018-06-10,20.3,5.5,140.0,71.8,205.4333333333333
2018-06-11,19.2,5.6,340.0,77.9,205.4333333333333
2018-06-12,19.9,5.6,290.0,76.0,205.4333333333333
2018-06-13,20.7,6.3,290.0,75.6,205.4333333333333
2018-06-14,20.5,4.9,140.0,82.5,205.4333333333333
2018-06-15,21.3,5.5,110.0,65.0,205.4333333333333
2018-06-16,21.4,4.4,140.0,60.3,205.4333333333333
2018-06-17,20.4,4.5,340.0,79.8,205.4333333333333
2018-06-18,22.3,3.8,250.0,73.8,205.4333333333333
2018-06-19,20.2,3.7,270.0,83.8,205.4333333333333
2018-06-20,20.5,5.3,270.0,85.5,205.4333333333333
2018-06-21,20.9,5.6,250.0,81.1,205.4333333333333
2018-06-22,23.1,4.9,270.0,61.4,205.4333333333333
2018-06-23,22.2,4.7,270.0,70.4,205.4333333333333
2018-06-24,22.0,5.0,250.0,83.5,205.4333333333333
2018-06-25,24.7,4.1,250.0,68.6,205.4333333333333
2018-06-26,21.3,8.5,200.0,92.8,205.4333333333333
2018-06-27,20.5,5.6,230.0,92.4,205.4333333333333
2018-06-28,22.3,4.3,50.0,93.4,205.4333333333333
2018-06-29,22.3,3.9,250.0,90.5,205.4333333333333
2018-06-30,24.0,4.2,180.0,83.5,205.4333333333333
2018-07-01,21.9,6.1,110.0,95.6,198.80645161290326
2018-07-02,22.7,5.9,180.0,95.6,198.80645161290326
2018-07-03,26.7,6.8,70.0,79.4,198.80645161290326
2018-07-04,24.9,4.5,250.0,83.1,198.80645161290326
2018-07-05,25.3,5.4,110.0,80.1,198.80645161290326
2018-07-06,24.4,7.4,90.0,59.0,198.80645161290326
2018-07-07,23.9,6.1,90.0,57.5,198.80645161290326
2018-07-08,23.4,4.6,110.0,56.5,198.80645161290326
2018-07-09,21.3,4.8,140.0,87.8,198.80645161290326
2018-07-10,24.1,5.2,180.0,89.1,198.80645161290326
2018-07-11,26.1,4.8,200.0,86.4,198.80645161290326
2018-07-12,25.6,4.0,270.0,91.0,198.80645161290326
2018-07-13,25.9,4.1,230.0,87.3,198.80645161290326
2018-07-14,26.2,4.1,270.0,84.4,198.80645161290326
2018-07-15,26.5,4.7,340.0,82.1,198.80645161290326
2018-07-16,26.2,3.8,270.0,78.9,198.80645161290326
2018-07-17,26.1,4.8,340.0,81.4,198.80645161290326
2018-07-18,26.1,4.8,340.0,81.0,198.80645161290326
2018-07-19,26.2,4.8,340.0,81.1,198.80645161290326
2018-07-20,27.0,3.9,270.0,75.5,198.80645161290326
2018-07-21,28.1,4.6,290.0,70.5,198.80645161290326
2018-07-22,30.2,4.6,340.0,62.6,198.80645161290326
2018-07-23,29.6,4.8,340.0,65.1,198.80645161290326
2018-07-24,29.4,4.3,270.0,74.4,198.80645161290326
2018-07-25,28.6,5.9,200.0,79.3,198.80645161290326
2018-07-26,28.4,4.8,270.0,83.9,198.80645161290326
2018-07-27,28.6,4.7,270.0,81.8,198.80645161290326
2018-07-28,28.9,4.0,110.0,81.4,198.80645161290326
2018-07-29,30.7,7.0,20.0,60.9,198.80645161290326
2018-07-30,31.1,,,57.3,198.80645161290326
2018-07-31,31.2,5.7,340.0,59.3,198.80645161290326
2018-08-01,31.4,5.3,340.0,67.5,198.80645161290326
2018-08-02,31.8,4.8,270.0,64.3,198.80645161290326
2018-08-03,31.2,5.3,340.0,66.0,198.80645161290326
2018-08-04,29.5,4.9,340.0,77.1,198.80645161290326
2018-08-05,29.1,5.3,250.0,82.3,198.80645161290326
2018-08-06,29.4,4.6,270.0,82.4,198.80645161290326
2018-08-07,30.1,4.5,270.0,72.1,198.80645161290326
2018-08-08,29.7,5.6,340.0,79.9,198.80645161290326
2018-08-09,28.6,4.8,270.0,86.3,198.80645161290326
2018-08-10,30.0,6.2,340.0,71.1,198.80645161290326
2018-08-11,30.4,4.3,140.0,65.6,198.80645161290326
2018-08-12,30.2,4.8,160.0,62.5,198.80645161290326
2018-08-13,30.6,5.2,270.0,69.5,198.80645161290326
2018-08-14,31.0,5.7,340.0,64.9,198.80645161290326
2018-08-15,30.9,7.7,50.0,66.1,198.80645161290326
2018-08-16,30.3,7.7,110.0,53.0,198.80645161290326
2018-08-17,27.4,7.1,110.0,42.0,198.80645161290326
2018-08-18,26.6,5.7,340.0,49.9,198.80645161290326
2018-08-19,27.1,4.5,270.0,61.9,198.80645161290326
2018-08-20,28.2,8.4,200.0,64.4,198.80645161290326
2018-08-21,25.1,9.1,200.0,83.0,198.80645161290326
2018-08-22,29.2,5.4,20.0,67.9,198.80645161290326
2018-08-23,28.2,6.0,70.0,71.1,198.80645161290326
2018-08-24,23.9,6.6,270.0,87.3,198.80645161290326
2018-08-25,24.7,5.1,250.0,76.3,198.80645161290326
2018-08-26,22.9,5.3,200.0,77.6,198.80645161290326
2018-08-27,23.1,5.7,110.0,93.3,198.80645161290326
2018-08-28,24.1,5.3,20.0,95.1,198.80645161290326
2018-08-29,25.6,8.0,230.0,92.5,198.80645161290326
2018-08-30,25.1,4.8,200.0,84.4,198.80645161290326
2018-08-31,24.6,4.2,360.0,74.4,198.80645161290326
2018-09-01,25.9,6.0,140.0,62.6,205.4333333333333
2018-09-02,25.3,5.2,140.0,59.4,205.4333333333333
2018-09-03,23.6,6.1,320.0,85.5,205.4333333333333
2018-09-04,23.3,8.0,340.0,71.9,205.4333333333333
2018-09-05,24.5,8.0,270.0,68.4,205.4333333333333
2018-09-06,24.4,7.2,250.0,78.0,205.4333333333333
2018-09-07,21.9,6.6,340.0,56.5,205.4333333333333
2018-09-08,21.5,6.4,360.0,55.0,205.4333333333333
2018-09-09,21.4,4.8,340.0,57.9,205.4333333333333
2018-09-10,23.1,5.5,90.0,54.3,205.4333333333333
2018-09-11,21.9,5.0,180.0,50.1,205.4333333333333
2018-09-12,22.7,4.7,90.0,57.3,205.4333333333333
2018-09-13,23.8,4.1,90.0,65.0,205.4333333333333
2018-09-14,24.0,4.8,90.0,67.1,205.4333333333333
2018-09-15,23.1,4.6,90.0,82.9,205.4333333333333
2018-09-16,21.9,4.5,290.0,85.3,205.4333333333333
2018-09-17,21.6,5.1,270.0,70.0,205.4333333333333
2018-09-18,21.6,4.3,340.0,62.8,205.4333333333333
2018-09-19,21.3,4.5,180.0,69.5,205.4333333333333
2018-09-20,19.1,5.9,90.0,85.6,205.4333333333333
2018-09-21,19.7,4.8,110.0,89.0,205.4333333333333
2018-09-22,21.0,7.6,340.0,62.5,205.4333333333333
2018-09-23,20.3,5.6,320.0,56.0,205.4333333333333
2018-09-24,18.2,6.3,340.0,50.0,205.4333333333333
2018-09-25,18.1,4.5,110.0,49.6,205.4333333333333
2018-09-26,19.7,6.0,110.0,49.5,205.4333333333333
2018-09-27,19.2,4.4,90.0,52.8,205.4333333333333
2018-09-28,18.5,4.7,140.0,58.4,205.4333333333333
2018-09-29,20.6,4.6,340.0,61.6,205.4333333333333
2018-09-30,18.2,8.2,340.0,57.0,205.4333333333333
2018-10-01,15.7,7.6,320.0,59.1,198.80645161290326
2018-10-02,16.5,4.2,20.0,63.5,198.80645161290326
2018-10-03,17.6,4.3,340.0,65.6,198.80645161290326
2018-10-04,20.1,5.0,90.0,56.4,198.80645161290326
2018-10-05,17.2,6.2,70.0,87.4,198.80645161290326
2018-10-06,18.6,9.7,20.0,84.6,198.80645161290326
2018-10-07,16.8,6.4,340.0,53.8,198.80645161290326
2018-10-08,16.2,3.7,340.0,44.0,198.80645161290326
2018-10-09,16.2,6.5,180.0,55.5,198.80645161290326
2018-10-10,12.8,8.5,340.0,57.6,198.80645161290326
2018-10-11,11.1,7.0,340.0,48.8,198.80645161290326
2018-10-12,11.9,4.4,340.0,51.9,198.80645161290326
2018-10-13,13.3,3.3,360.0,58.5,198.80645161290326
2018-10-14,14.2,4.1,340.0,62.0,198.80645161290326
2018-10-15,15.9,4.1,290.0,71.0,198.80645161290326
2018-10-16,14.8,4.2,340.0,54.4,198.80645161290326
2018-10-17,13.0,5.1,340.0,49.1,198.80645161290326
2018-10-18,12.2,5.3,20.0,68.0,198.80645161290326
2018-10-19,13.3,3.9,50.0,62.3,198.80645161290326
2018-10-20,13.3,4.5,270.0,59.5,198.80645161290326
2018-10-21,13.9,3.5,340.0,58.9,198.80645161290326
2018-10-22,14.6,2.6,290.0,55.3,198.80645161290326
2018-10-23,13.8,6.1,20.0,75.5,198.80645161290326
2018-10-24,14.1,3.8,340.0,62.0,198.80645161290326
2018-10-25,14.9,2.9,250.0,63.5,198.80645161290326
2018-10-26,13.2,10.1,320.0,73.0,198.80645161290326
2018-10-27,9.9,9.2,320.0,51.8,198.80645161290326
2018-10-28,9.8,10.9,290.0,76.6,198.80645161290326
2018-10-29,8.3,8.7,340.0,57.9,198.80645161290326
2018-10-30,7.3,4.5,20.0,49.4,198.80645161290326
2018-10-31,8.1,4.5,20.0,54.0,198.80645161290326
2018-11-01,9.9,3.4,20.0,56.9,205.4333333333333
2018-11-02,11.6,3.8,340.0,65.5,205.4333333333333
2018-11-03,12.0,3.9,340.0,72.4,205.4333333333333
2018-11-04,11.7,4.3,340.0,71.4,205.4333333333333
2018-11-05,12.1,4.0,290.0,76.9,205.4333333333333
2018-11-06,12.1,2.9,340.0,85.1,205.4333333333333
2018-11-07,12.6,4.1,340.0,91.9,205.4333333333333
2018-11-08,12.8,7.9,290.0,96.6,205.4333333333333
2018-11-09,12.5,9.8,270.0,68.6,205.4333333333333
2018-11-10,12.0,4.4,340.0,72.4,205.4333333333333
2018-11-11,8.3,5.1,20.0,69.0,205.4333333333333
2018-11-12,8.2,4.5,340.0,58.6,205.4333333333333
2018-11-13,9.0,4.1,340.0,56.0,205.4333333333333
2018-11-14,9.6,4.4,340.0,64.3,205.4333333333333
2018-11-15,10.4,3.5,340.0,63.1,205.4333333333333
2018-11-16,8.6,6.3,340.0,69.0,205.4333333333333
2018-11-17,5.3,4.9,20.0,47.4,205.4333333333333
2018-11-18,7.0,3.8,360.0,54.3,205.4333333333333
2018-11-19,7.9,5.9,20.0,56.3,205.4333333333333
2018-11-20,8.1,5.6,230.0,46.0,205.4333333333333
2018-11-21,6.3,5.3,340.0,57.0,205.4333333333333
2018-11-22,3.0,6.5,360.0,39.1,205.4333333333333
2018-11-23,2.8,6.2,360.0,32.6,205.4333333333333
2018-11-24,4.6,7.7,140.0,75.3,205.4333333333333
2018-11-25,6.8,3.6,20.0,77.1,205.4333333333333
2018-11-26,8.4,2.8,270.0,71.6,205.4333333333333
2018-11-27,8.4,6.3,340.0,63.6,205.4333333333333
2018-11-28,5.2,5.6,20.0,30.0,205.4333333333333
2018-11-29,3.9,4.0,20.0,48.4,205.4333333333333
2018-11-30,3.5,3.7,20.0,53.3,205.4333333333333
2018-12-01,6.3,3.8,200.0,44.1,198.80645161290326
2018-12-02,9.2,4.8,110.0,53.9,198.80645161290326
2018-12-03,11.8,5.6,160.0,91.6,198.80645161290326
2018-12-04,6.5,8.9,340.0,72.1,198.80645161290326
2018-12-05,-0.3,6.4,20.0,43.8,198.80645161290326
2018-12-06,2.1,9.6,340.0,52.3,198.80645161290326
2018-12-07,-6.8,9.4,320.0,47.9,198.80645161290326
2018-12-08,-8.0,8.0,20.0,41.4,198.80645161290326
2018-12-09,-6.4,6.3,20.0,31.8,198.80645161290326
2018-12-10,-1.7,4.7,20.0,41.5,198.80645161290326
2018-12-11,0.9,6.9,20.0,46.5,198.80645161290326
2018-12-12,-1.4,5.7,340.0,41.8,198.80645161290326
2018-12-13,-1.6,8.8,340.0,62.6,198.80645161290326
2018-12-14,-3.8,5.1,20.0,48.0,198.80645161290326
2018-12-15,-2.0,3.6,20.0,54.6,198.80645161290326
2018-12-16,1.2,4.5,180.0,68.4,198.80645161290326
2018-12-17,2.7,6.1,340.0,58.8,198.80645161290326
2018-12-18,4.2,5.6,270.0,62.0,198.80645161290326
2018-12-19,4.7,3.8,250.0,62.6,198.80645161290326
2018-12-20,3.7,4.7,50.0,53.6,198.80645161290326
2018-12-21,5.2,3.5,110.0,53.6,198.80645161290326
2018-12-22,5.6,4.2,20.0,61.5,198.80645161290326
2018-12-23,2.5,9.8,340.0,45.4,198.80645161290326
2018-12-24,-1.5,5.5,360.0,42.0,198.80645161290326
2018-12-25,1.1,4.6,180.0,61.6,198.80645161290326
2018-12-26,-1.9,7.8,340.0,42.6,198.80645161290326
2018-12-27,-9.5,8.5,360.0,37.4,198.80645161290326
2018-12-28,-9.6,7.6,340.0,41.0,198.80645161290326
2018-12-29,-6.8,7.9,340.0,37.5,198.80645161290326
2018-12-30,-6.6,5.5,340.0,42.0,198.80645161290326
2018-12-31,-4.9,5.5,340.0,52.1,198.80645161290326
