date,PM-10,PM-2.5,O3,NO2,CO,SO2
2016-01-01,64.0,37.0,0.011,0.038,1.0,0.009
2016-01-02,54.0,28.0,0.016,0.03,0.6,0.008
2016-01-03,98.0,52.0,0.013,0.039,0.9,0.008
2016-01-04,82.0,48.0,0.023,0.023,0.7,0.007
2016-01-05,26.0,12.0,0.02,0.022,0.5,0.007
2016-01-06,46.0,27.0,0.011,0.035,0.7,0.008
2016-01-07,36.0,19.0,0.019,0.022,0.6,0.007
2016-01-08,29.0,14.0,0.016,0.027,0.6,0.007
2016-01-09,32.0,17.0,0.008,0.023,0.5,0.007
2016-01-10,31.0,18.0,0.02,0.02,0.5,0.007
2016-01-11,38.0,20.0,0.02,0.023,0.5,0.007
2016-01-12,37.0,19.0,0.019,0.023,0.5,0.007
2016-01-13,30.0,15.0,0.017,0.025,0.5,0.007
2016-01-14,38.0,21.0,0.01,0.038,0.7,0.008
2016-01-15,49.0,30.0,0.007,0.049,0.8,0.009
2016-01-16,73.0,49.0,0.005,0.052,1.0,0.008
2016-01-17,78.0,53.0,0.007,0.042,0.9,0.007
2016-01-18,51.0,27.0,0.025,0.014,0.5,0.007
2016-01-19,24.0,10.0,0.026,0.011,0.3,0.007
2016-01-20,32.0,19.0,0.017,0.025,0.5,0.006
2016-01-21,44.0,26.0,0.017,0.025,0.6,0.006
2016-01-22,39.0,21.0,0.022,0.021,0.5,0.006
2016-01-23,27.0,9.0,0.028,0.011,0.4,0.007
2016-01-24,32.0,15.0,0.026,0.011,0.4,0.006
2016-01-25,42.0,13.0,0.019,0.025,0.5,0.006
2016-01-26,67.0,31.0,0.012,0.037,0.7,0.008
2016-01-27,57.0,29.0,0.01,0.035,0.8,0.008
2016-01-28,46.0,25.0,0.011,0.042,0.8,0.007
2016-01-29,47.0,26.0,0.015,0.031,0.6,0.007
2016-01-30,32.0,18.0,0.019,0.022,0.6,0.007
2016-01-31,34.0,16.0,0.029,0.013,0.4,0.006
2016-02-01,34.0,15.0,0.026,0.016,0.4,0.007
2016-02-02,36.0,19.0,0.02,0.028,0.6,0.007
2016-02-03,42.0,23.0,0.016,0.039,0.8,0.008
2016-02-04,53.0,31.0,0.021,0.03,0.8,0.008
2016-02-05,43.0,24.0,0.023,0.027,0.6,0.008
2016-02-06,47.0,25.0,0.027,0.017,0.5,0.008
2016-02-07,34.0,21.0,0.019,0.027,0.5,0.007
2016-02-08,69.0,46.0,0.03,0.022,0.6,0.009
2016-02-09,47.0,27.0,0.03,0.015,0.5,0.008
2016-02-10,39.0,26.0,0.013,0.041,0.7,0.008
2016-02-11,48.0,30.0,0.009,0.049,0.8,0.008
2016-02-12,36.0,23.0,0.012,0.037,0.8,0.007
2016-02-13,20.0,13.0,0.007,0.032,0.8,0.008
2016-02-14,27.0,13.0,0.028,0.007,0.4,0.007
2016-02-15,26.0,9.0,0.032,0.01,0.3,0.006
2016-02-16,25.0,14.0,0.022,0.021,0.5,0.007
2016-02-17,31.0,16.0,0.017,0.027,0.5,0.007
2016-02-18,48.0,25.0,0.022,0.029,0.6,0.009
2016-02-19,79.0,44.0,0.01,0.036,0.9,0.008
2016-02-20,35.0,15.0,0.025,0.02,0.4,0.007
2016-02-21,25.0,11.0,0.029,0.015,0.4,0.007
2016-02-22,38.0,18.0,0.012,0.038,0.6,0.008
2016-02-23,50.0,26.0,0.023,0.021,0.5,0.007
2016-02-24,30.0,16.0,0.027,0.016,0.4,0.006
2016-02-25,51.0,29.0,0.023,0.027,0.6,0.008
2016-02-26,57.0,36.0,0.022,0.033,0.6,0.009
2016-02-27,68.0,45.0,0.022,0.031,0.6,0.007
2016-02-28,45.0,29.0,0.021,0.029,0.6,0.007
2016-02-29,47.0,27.0,0.032,0.014,0.4,0.011
2016-03-01,28.0,17.0,0.029,0.018,0.4,0.007
2016-03-02,35.0,20.0,0.02,0.029,0.4,0.008
2016-03-03,47.0,26.0,0.018,0.037,0.5,0.008
2016-03-04,66.0,38.0,0.019,0.042,0.6,0.008
2016-03-05,25.0,15.0,0.018,0.023,0.4,0.007
2016-03-06,109.0,19.0,0.027,0.017,0.5,0.006
2016-03-07,110.0,26.0,0.012,0.037,0.6,0.007
2016-03-08,67.0,20.0,0.03,0.015,0.4,0.006
2016-03-09,36.0,13.0,0.03,0.012,0.4,0.006
2016-03-10,31.0,13.0,0.03,0.013,0.4,0.006
2016-03-11,33.0,17.0,0.032,0.016,0.4,0.007
2016-03-12,39.0,20.0,0.025,0.027,0.5,0.008
2016-03-13,59.0,36.0,0.03,0.028,0.5,0.008
2016-03-14,67.0,45.0,0.032,0.024,0.6,0.007
2016-03-15,40.0,25.0,0.025,0.035,0.5,0.007
2016-03-16,43.0,25.0,0.02,0.04,0.5,0.008
2016-03-17,66.0,44.0,0.009,0.076,0.9,0.011
2016-03-18,62.0,47.0,0.023,0.053,0.9,0.01
2016-03-19,58.0,39.0,0.031,0.026,0.5,0.007
2016-03-20,63.0,46.0,0.029,0.034,0.7,0.009
2016-03-21,73.0,51.0,0.02,0.046,0.7,0.011
2016-03-22,67.0,53.0,0.028,0.041,0.6,0.009
2016-03-23,66.0,46.0,0.038,0.022,0.5,0.007
2016-03-24,35.0,21.0,0.033,0.02,0.4,0.006
2016-03-25,64.0,37.0,0.027,0.036,0.6,0.008
2016-03-26,60.0,43.0,0.03,0.033,0.5,0.007
2016-03-27,55.0,39.0,0.038,0.031,0.6,0.008
2016-03-28,62.0,45.0,0.031,0.046,0.6,0.011
2016-03-29,85.0,56.0,0.049,0.03,0.6,0.009
2016-03-30,87.0,61.0,0.028,0.04,0.7,0.01
2016-03-31,47.0,32.0,0.021,0.057,0.7,0.01
2016-04-01,54.0,34.0,0.027,0.057,0.7,0.011
2016-04-02,74.0,50.0,0.037,0.048,0.6,0.012
2016-04-03,34.0,25.0,0.029,0.026,0.4,0.007
2016-04-04,24.0,14.0,0.029,0.024,0.4,0.006
2016-04-05,49.0,25.0,0.022,0.042,0.5,0.009
2016-04-06,75.0,48.0,0.022,0.058,0.7,0.011
2016-04-07,44.0,30.0,0.038,0.024,0.5,0.007
2016-04-08,45.0,32.0,0.027,0.034,0.6,0.008
2016-04-09,77.0,43.0,0.027,0.034,0.7,0.009
2016-04-10,80.0,46.0,0.043,0.022,0.8,0.008
2016-04-11,46.0,23.0,0.03,0.03,0.5,0.006
2016-04-12,57.0,32.0,0.028,0.038,0.6,0.008
2016-04-13,52.0,32.0,0.027,0.039,0.6,0.008
2016-04-14,29.0,16.0,0.032,0.021,0.4,0.006
2016-04-15,52.0,32.0,0.05,0.035,0.5,0.007
2016-04-16,46.0,28.0,0.03,0.043,0.4,0.007
2016-04-17,37.0,24.0,0.043,0.014,0.4,0.006
2016-04-18,46.0,20.0,0.033,0.029,0.4,0.007
2016-04-19,36.0,20.0,0.036,0.027,0.4,0.006
2016-04-20,52.0,30.0,0.02,0.053,0.5,0.008
2016-04-21,27.0,19.0,0.036,0.026,0.3,0.006
2016-04-22,70.0,49.0,0.042,0.029,0.5,0.006
2016-04-23,151.0,46.0,0.037,0.026,0.5,0.006
2016-04-24,129.0,31.0,0.035,0.027,0.4,0.006
2016-04-25,58.0,26.0,0.031,0.044,0.5,0.008
2016-04-26,64.0,37.0,0.041,0.034,0.4,0.007
2016-04-27,41.0,23.0,0.033,0.031,0.3,0.006
2016-04-28,40.0,23.0,0.035,0.034,0.4,0.007
2016-04-29,59.0,35.0,0.029,0.04,0.4,0.009
2016-04-30,57.0,33.0,0.055,0.028,0.4,0.009
2016-05-01,33.0,21.0,0.056,0.022,0.3,0.008
2016-05-02,32.0,23.0,0.032,0.028,0.4,0.007
2016-05-03,14.0,9.0,0.031,0.014,0.3,0.005
2016-05-04,36.0,12.0,0.043,0.014,0.3,0.005
2016-05-05,42.0,24.0,0.026,0.04,0.5,0.008
2016-05-06,28.0,21.0,0.03,0.024,0.3,0.006
2016-05-07,84.0,20.0,0.029,0.025,0.4,0.006
2016-05-08,35.0,17.0,0.043,0.023,0.4,0.007
2016-05-09,56.0,35.0,0.041,0.032,0.4,0.01
2016-05-10,23.0,16.0,0.033,0.024,0.3,0.006
2016-05-11,15.0,12.0,0.037,0.021,0.3,0.006
2016-05-12,25.0,19.0,0.036,0.029,0.3,0.008
2016-05-13,28.0,18.0,0.042,0.022,0.4,0.006
2016-05-14,28.0,19.0,0.039,0.031,0.4,0.007
2016-05-15,26.0,21.0,0.041,0.017,0.3,0.007
2016-05-16,26.0,24.0,0.043,0.02,0.4,0.007
2016-05-17,68.0,44.0,0.046,0.039,0.6,0.01
2016-05-18,45.0,35.0,0.042,0.04,0.5,0.01
2016-05-19,30.0,18.0,0.037,0.031,0.4,0.007
2016-05-20,52.0,41.0,0.049,0.048,0.5,0.009
2016-05-21,33.0,26.0,0.039,0.043,0.4,0.007
2016-05-22,42.0,39.0,0.055,0.034,0.4,0.009
2016-05-23,52.0,44.0,0.05,0.038,0.5,0.008
2016-05-24,24.0,24.0,0.041,0.022,0.3,0.006
2016-05-25,69.0,57.0,0.045,0.03,0.5,0.008
2016-05-26,69.0,49.0,0.038,0.029,0.5,0.009
2016-05-27,63.0,42.0,0.048,0.021,0.4,0.007
2016-05-28,57.0,36.0,0.042,0.026,0.4,0.007
2016-05-29,51.0,39.0,0.048,0.021,0.4,0.007
2016-05-30,66.0,51.0,0.055,0.023,0.5,0.008
2016-05-31,52.0,36.0,0.031,0.025,0.4,0.008
2016-06-01,31.0,21.0,0.037,0.023,0.3,0.006
2016-06-02,32.0,24.0,0.044,0.027,0.3,0.007
2016-06-03,31.0,24.0,0.033,0.033,0.3,0.008
2016-06-04,32.0,24.0,0.036,0.022,0.3,0.006
2016-06-05,35.0,24.0,0.051,0.018,0.3,0.006
2016-06-06,20.0,17.0,0.039,0.024,0.3,0.007
2016-06-07,28.0,20.0,0.028,0.023,0.4,0.007
2016-06-08,22.0,18.0,0.027,0.017,0.4,0.006
2016-06-09,38.0,28.0,0.029,0.021,0.4,0.007
2016-06-10,35.0,30.0,0.026,0.03,0.5,0.01
2016-06-11,31.0,26.0,0.022,0.019,0.4,0.007
2016-06-12,20.0,24.0,0.022,0.012,0.4,0.006
2016-06-13,47.0,30.0,0.033,0.021,0.5,0.006
2016-06-14,35.0,24.0,0.027,0.029,0.5,0.009
2016-06-15,31.0,17.0,0.027,0.021,0.5,0.006
2016-06-16,29.0,16.0,0.04,0.018,0.5,0.006
2016-06-17,51.0,31.0,0.042,0.03,0.6,0.008
2016-06-18,78.0,47.0,0.046,0.022,0.7,0.008
2016-06-19,37.0,24.0,0.036,0.015,0.5,0.006
2016-06-20,49.0,30.0,0.04,0.025,0.5,0.007
2016-06-21,55.0,35.0,0.034,0.029,0.6,0.007
2016-06-22,59.0,35.0,0.023,0.032,0.6,0.007
2016-06-23,42.0,26.0,0.027,0.028,0.6,0.007
2016-06-24,74.0,36.0,0.033,0.019,0.6,0.006
2016-06-25,27.0,13.0,0.042,0.011,0.4,0.006
2016-06-26,25.0,14.0,0.042,0.012,0.4,0.006
2016-06-27,38.0,21.0,0.035,0.03,0.5,0.009
2016-06-28,57.0,36.0,0.04,0.019,0.5,0.006
2016-06-29,44.0,26.0,0.029,0.027,0.4,0.007
2016-06-30,33.0,16.0,0.021,0.022,0.3,0.007
2016-07-01,25.0,11.0,0.015,0.023,,0.006
2016-07-02,11.0,6.0,0.029,0.011,,0.006
2016-07-03,51.0,30.0,0.044,0.019,,0.007
2016-07-04,34.0,17.0,0.019,0.024,,0.006
2016-07-05,17.0,7.0,0.012,0.017,,0.006
2016-07-06,15.0,6.0,0.021,0.016,0.3,0.006
2016-07-07,35.0,21.0,0.02,0.032,0.4,0.007
2016-07-08,51.0,30.0,0.035,0.023,0.4,0.006
2016-07-09,38.0,21.0,0.026,0.016,0.3,0.006
2016-07-10,29.0,15.0,0.022,0.02,0.3,0.007
2016-07-11,43.0,25.0,0.028,0.027,0.4,0.009
2016-07-12,31.0,19.0,0.019,0.023,0.4,0.009
2016-07-13,25.0,14.0,0.014,0.014,0.3,0.006
2016-07-14,31.0,16.0,0.025,0.019,0.3,0.006
2016-07-15,22.0,11.0,0.02,0.029,0.3,0.006
2016-07-16,13.0,6.0,0.016,0.017,0.3,0.006
2016-07-17,9.0,5.0,0.019,0.01,0.3,0.006
2016-07-18,20.0,11.0,0.018,0.017,0.3,0.006
2016-07-19,36.0,22.0,0.03,0.026,0.4,0.006
2016-07-20,49.0,31.0,0.028,0.038,0.5,0.006
2016-07-21,33.0,19.0,0.022,0.035,0.4,0.006
2016-07-22,38.0,21.0,0.026,0.025,0.4,0.006
2016-07-23,36.0,21.0,0.019,0.022,0.3,0.007
2016-07-24,36.0,21.0,0.014,0.015,0.3,0.006
2016-07-25,44.0,26.0,0.013,0.019,0.3,0.007
2016-07-26,39.0,21.0,0.011,0.019,0.3,0.007
2016-07-27,40.0,20.0,0.014,0.02,0.5,0.007
2016-07-28,55.0,30.0,0.029,0.019,0.6,0.006
2016-07-29,51.0,26.0,0.017,0.031,0.5,0.007
2016-07-30,57.0,27.0,0.024,0.021,0.4,0.007
2016-07-31,49.0,25.0,0.015,0.011,0.4,0.006
2016-08-01,36.0,16.0,0.012,0.01,0.3,0.006
2016-08-02,32.0,15.0,0.014,0.017,0.3,0.006
2016-08-03,34.0,16.0,0.029,0.025,0.4,0.006
2016-08-04,41.0,21.0,0.03,0.02,0.4,0.006
2016-08-05,60.0,32.0,0.041,0.024,0.5,0.007
2016-08-06,63.0,31.0,0.036,0.021,0.5,0.007
2016-08-07,35.0,20.0,0.027,0.018,0.4,0.007
2016-08-08,45.0,25.0,0.025,0.016,0.6,0.006
2016-08-09,42.0,23.0,0.044,0.018,0.8,0.006
2016-08-10,67.0,35.0,0.027,0.022,0.3,0.007
2016-08-11,40.0,21.0,0.022,0.014,0.3,0.006
2016-08-12,47.0,26.0,0.018,0.014,0.3,0.006
2016-08-13,43.0,21.0,0.02,0.008,0.3,0.005
2016-08-14,47.0,26.0,0.022,0.007,0.3,0.005
2016-08-15,40.0,20.0,0.033,0.012,0.4,0.006
2016-08-16,50.0,24.0,0.031,0.019,0.5,0.006
2016-08-17,55.0,26.0,0.027,0.021,0.4,0.006
2016-08-18,55.0,27.0,0.032,0.03,0.5,0.008
2016-08-19,72.0,41.0,0.041,0.033,0.5,0.008
2016-08-20,60.0,27.0,0.04,0.026,0.5,0.006
2016-08-21,37.0,6.0,0.039,0.017,0.4,0.007
2016-08-22,35.0,11.0,0.029,0.015,0.4,0.006
2016-08-23,45.0,16.0,0.033,0.024,0.4,0.007
2016-08-24,40.0,18.0,0.03,0.022,0.4,0.007
2016-08-25,29.0,13.0,0.025,0.02,0.3,0.006
2016-08-26,14.0,6.0,0.027,0.016,0.3,0.005
2016-08-27,15.0,5.0,0.026,0.02,0.3,0.005
2016-08-28,15.0,5.0,0.023,0.011,0.3,0.005
2016-08-29,20.0,8.0,0.022,0.018,0.3,0.006
2016-08-30,29.0,9.0,0.024,0.013,0.3,0.007
2016-08-31,21.0,9.0,0.024,0.01,0.3,0.006
2016-09-01,61.0,29.0,0.04,0.026,0.5,0.007
2016-09-02,38.0,23.0,0.035,0.023,0.4,0.006
2016-09-03,22.0,12.0,0.031,0.022,0.4,0.006
2016-09-04,28.0,14.0,0.021,0.019,0.4,0.006
2016-09-05,31.0,15.0,0.025,0.017,0.4,0.006
2016-09-06,59.0,31.0,0.027,0.027,0.5,0.007
2016-09-07,69.0,39.0,0.035,0.02,0.5,0.006
2016-09-08,47.0,24.0,0.021,0.037,0.5,0.007
2016-09-09,43.0,23.0,0.028,0.025,0.5,0.005
2016-09-10,37.0,25.0,0.035,0.022,0.4,0.002
2016-09-11,36.0,27.0,0.053,0.013,0.4,0.003
2016-09-12,29.0,20.0,0.025,0.02,0.3,0.002
2016-09-13,17.0,11.0,0.038,0.017,0.2,0.002
2016-09-14,32.0,23.0,0.044,0.013,0.3,0.002
2016-09-15,34.0,24.0,0.044,0.011,0.3,0.002
2016-09-16,37.0,28.0,0.049,0.011,0.3,0.004
2016-09-17,24.0,20.0,0.046,0.011,0.3,0.003
2016-09-18,22.0,15.0,0.039,0.009,0.2,0.002
2016-09-19,13.0,6.0,0.028,0.012,0.2,0.001
2016-09-20,14.0,9.0,0.034,0.012,0.1,0.001
2016-09-21,29.0,22.0,0.033,0.021,0.2,0.002
2016-09-22,34.0,25.0,0.037,0.023,0.3,0.002
2016-09-23,47.0,33.0,0.055,0.026,0.3,0.004
2016-09-24,51.0,38.0,0.071,0.024,0.4,0.004
2016-09-25,30.0,23.0,0.05,0.015,0.3,0.003
2016-09-26,36.0,23.0,0.028,0.032,0.4,0.002
2016-09-27,29.0,22.0,0.01,0.038,0.4,0.002
2016-09-28,27.0,17.0,0.016,0.018,0.3,0.002
2016-09-29,15.0,8.0,0.016,0.016,0.3,0.003
2016-09-30,27.0,15.0,0.017,0.03,0.4,0.004
2016-10-01,47.0,30.0,0.031,0.032,0.4,0.004
2016-10-02,32.0,23.0,0.016,0.029,0.4,0.003
2016-10-03,11.0,7.0,0.033,0.01,0.2,0.002
2016-10-04,26.0,15.0,0.032,0.023,0.3,0.002
2016-10-05,22.0,12.0,0.034,0.015,0.3,0.002
2016-10-06,28.0,15.0,0.031,0.014,0.3,0.003
2016-10-07,23.0,12.0,0.027,0.02,0.3,0.002
2016-10-08,19.0,11.0,0.037,0.013,0.3,0.003
2016-10-09,16.0,9.0,0.032,0.009,0.2,0.002
2016-10-10,22.0,12.0,0.028,0.015,0.3,0.002
2016-10-11,33.0,19.0,0.031,0.028,0.5,0.004
2016-10-12,44.0,25.0,0.034,0.015,0.4,0.003
2016-10-13,30.0,17.0,0.035,0.014,0.3,0.003
2016-10-14,47.0,27.0,0.029,0.033,0.5,0.004
2016-10-15,56.0,35.0,0.039,0.025,0.5,0.003
2016-10-16,50.0,34.0,0.022,0.035,0.5,0.003
2016-10-17,45.0,31.0,0.031,0.021,0.5,0.003
2016-10-18,42.0,22.0,0.032,0.025,0.4,0.003
2016-10-19,50.0,31.0,0.038,0.034,0.5,0.004
2016-10-20,48.0,31.0,0.042,0.024,0.5,0.003
2016-10-21,22.0,12.0,0.029,0.022,0.3,0.003
2016-10-22,28.0,15.0,0.029,0.022,0.3,0.002
2016-10-23,12.0,8.0,0.025,0.016,0.3,0.002
2016-10-24,17.0,9.0,0.016,0.027,0.3,0.002
2016-10-25,13.0,10.0,0.024,0.017,0.3,0.002
2016-10-26,39.0,21.0,0.021,0.022,0.6,0.003
2016-10-27,39.0,21.0,0.016,0.028,0.5,0.003
2016-10-28,32.0,16.0,0.024,0.023,0.4,0.003
2016-10-29,30.0,16.0,0.03,0.015,0.3,0.003
2016-10-30,18.0,10.0,0.029,0.013,0.2,0.003
2016-10-31,24.0,14.0,0.014,0.028,0.4,0.004
2016-11-01,21.0,11.0,0.022,0.018,0.3,0.002
2016-11-02,27.0,17.0,0.017,0.031,0.4,0.004
2016-11-03,39.0,25.0,0.024,0.033,0.5,0.004
2016-11-04,54.0,32.0,0.043,0.026,0.5,0.006
2016-11-05,65.0,39.0,0.048,0.026,0.5,0.006
2016-11-06,33.0,21.0,0.031,0.02,0.4,0.003
2016-11-07,32.0,19.0,0.027,0.023,0.4,0.004
2016-11-08,51.0,41.0,0.033,0.015,0.5,0.003
2016-11-09,33.0,27.0,0.025,0.019,0.4,0.003
2016-11-10,45.0,35.0,0.006,0.046,0.6,0.004
2016-11-11,45.0,28.0,0.024,0.026,0.5,0.004
2016-11-12,66.0,35.0,0.034,0.028,0.5,0.005
2016-11-13,52.0,33.0,0.025,0.032,0.5,0.006
2016-11-14,44.0,30.0,0.014,0.038,0.6,0.005
2016-11-15,47.0,27.0,0.024,0.018,0.4,0.003
2016-11-16,40.0,28.0,0.022,0.022,0.4,0.003
2016-11-17,51.0,35.0,0.025,0.027,0.6,0.004
2016-11-18,84.0,69.0,0.006,0.068,1.1,0.008
2016-11-19,45.0,39.0,0.021,0.034,0.6,0.005
2016-11-20,35.0,28.0,0.028,0.016,0.6,0.003
2016-11-21,60.0,38.0,0.017,0.034,0.7,0.004
2016-11-22,31.0,17.0,0.028,0.013,0.4,0.003
2016-11-23,30.0,17.0,0.023,0.016,0.4,0.003
2016-11-24,24.0,16.0,0.025,0.016,0.4,0.004
2016-11-25,28.0,21.0,0.021,0.026,0.4,0.004
2016-11-26,44.0,40.0,0.003,0.052,0.8,0.004
2016-11-27,54.0,45.0,0.008,0.035,0.7,0.004
2016-11-28,61.0,38.0,0.022,0.021,0.6,0.005
2016-11-29,28.0,23.0,0.022,0.022,0.5,0.004
2016-11-30,44.0,35.0,0.008,0.045,0.7,0.006
2016-12-01,44.0,28.0,0.026,0.02,0.5,0.005
2016-12-02,29.0,16.0,0.025,0.018,0.4,0.004
2016-12-03,38.0,26.0,0.019,0.043,0.7,0.007
2016-12-04,64.0,53.0,0.017,0.055,0.8,0.01
2016-12-05,60.0,51.0,0.028,0.032,0.7,0.006
2016-12-06,19.0,12.0,0.024,0.019,0.4,0.004
2016-12-07,38.0,28.0,0.012,0.041,0.6,0.007
2016-12-08,40.0,36.0,0.023,0.031,0.6,0.006
2016-12-09,32.0,16.0,0.027,0.022,0.5,0.004
2016-12-10,33.0,20.0,0.027,0.019,0.5,0.004
2016-12-11,26.0,19.0,0.028,0.019,0.5,0.004
2016-12-12,46.0,32.0,0.01,0.049,0.8,0.004
2016-12-13,47.0,34.0,0.023,0.025,0.6,0.004
2016-12-14,50.0,26.0,0.018,0.023,0.5,0.005
2016-12-15,31.0,18.0,0.024,0.018,0.4,0.004
2016-12-16,29.0,19.0,0.019,0.024,0.5,0.004
2016-12-17,58.0,38.0,0.018,0.039,0.7,0.008
2016-12-18,37.0,26.0,0.019,0.032,0.5,0.006
2016-12-19,36.0,24.0,0.009,0.042,0.6,0.004
2016-12-20,34.0,26.0,0.021,0.022,0.5,
2016-12-21,,,,0.04,0.5,0.002
2016-12-22,81.0,59.0,0.024,0.017,0.8,0.003
2016-12-23,50.0,34.0,0.023,0.016,0.6,0.004
2016-12-24,66.0,54.0,0.018,0.025,0.7,0.003
2016-12-25,53.0,44.0,0.011,0.026,0.7,0.002
2016-12-26,46.0,36.0,0.009,0.032,0.7,0.003
2016-12-27,37.0,25.0,0.025,0.017,0.5,0.004
2016-12-28,38.0,24.0,0.02,0.024,0.5,0.004
2016-12-29,27.0,17.0,0.014,0.031,0.5,0.004
2016-12-30,40.0,26.0,0.012,0.04,0.7,0.007
2016-12-31,51.0,39.0,0.01,0.047,0.8,0.008
2017-01-01,67.0,54.0,0.017,0.041,0.8,0.006
2017-01-02,98.0,70.0,0.027,0.034,0.8,0.005
2017-01-03,65.0,44.0,0.032,0.022,0.6,0.004
2017-01-04,62.0,39.0,0.024,0.034,0.8,0.005
2017-01-05,38.0,24.0,0.02,0.027,0.6,0.003
2017-01-06,19.0,13.0,0.015,0.034,0.5,0.004
2017-01-07,50.0,39.0,0.012,0.043,0.7,0.004
2017-01-08,32.0,22.0,0.024,0.026,0.6,0.004
2017-01-09,57.0,45.0,0.031,0.02,0.7,0.005
2017-01-10,30.0,17.0,0.025,0.018,0.4,0.004
2017-01-11,23.0,15.0,0.026,0.02,0.4,0.004
2017-01-12,34.0,22.0,0.026,0.02,0.5,0.004
2017-01-13,32.0,16.0,0.028,0.016,0.4,0.004
2017-01-14,42.0,17.0,0.028,0.011,0.4,0.004
2017-01-15,25.0,15.0,0.025,0.013,0.4,0.003
2017-01-16,35.0,23.0,0.021,0.022,0.5,0.003
2017-01-17,52.0,42.0,0.019,0.053,0.9,0.006
2017-01-18,92.0,76.0,0.012,0.039,0.9,0.007
2017-01-19,84.0,65.0,0.025,0.028,0.8,0.005
2017-01-20,54.0,44.0,0.025,0.026,0.6,0.005
2017-01-21,38.0,30.0,0.022,0.028,0.5,0.005
2017-01-22,69.0,33.0,0.033,0.013,0.5,0.005
2017-01-23,44.0,37.0,0.026,0.022,0.5,0.004
2017-01-24,34.0,28.0,0.029,0.02,0.5,0.004
2017-01-25,38.0,30.0,0.031,0.024,,0.004
2017-01-26,55.0,44.0,0.02,0.043,,0.008
2017-01-27,91.0,31.0,0.034,0.012,,0.003
2017-01-28,28.0,16.0,0.02,0.023,,0.003
2017-01-29,25.0,17.0,0.013,0.029,,0.003
2017-01-30,43.0,33.0,0.034,0.012,,0.004
2017-01-31,22.0,15.0,0.029,0.018,,0.003
2017-02-01,32.0,22.0,0.028,0.018,0.6,0.004
2017-02-02,27.0,17.0,0.033,0.017,0.6,0.004
2017-02-03,61.0,45.0,0.047,0.02,0.7,0.005
2017-02-04,90.0,74.0,0.011,0.067,0.8,0.006
2017-02-05,56.0,50.0,0.031,0.026,0.7,0.004
2017-02-06,36.0,28.0,0.037,0.017,0.6,0.004
2017-02-07,35.0,24.0,0.025,0.024,0.6,0.004
2017-02-08,45.0,27.0,0.026,0.022,0.6,0.005
2017-02-09,49.0,22.0,0.034,0.014,,0.004
2017-02-10,31.0,19.0,0.034,0.013,,0.004
2017-02-11,28.0,17.0,0.033,0.014,,0.003
2017-02-12,26.0,16.0,0.039,0.01,,0.003
2017-02-13,36.0,25.0,0.022,0.035,0.6,0.006
2017-02-14,42.0,34.0,0.038,0.019,0.6,0.005
2017-02-15,53.0,40.0,0.013,0.048,0.7,0.008
2017-02-16,55.0,41.0,0.023,0.043,0.7,0.008
2017-02-17,45.0,22.0,0.037,0.014,0.6,0.004
2017-02-18,31.0,20.0,0.036,0.015,0.6,0.004
2017-02-19,42.0,28.0,0.035,0.02,0.6,0.005
2017-02-20,47.0,25.0,0.039,0.013,0.6,0.003
2017-02-21,48.0,35.0,0.019,0.036,0.6,0.005
2017-02-22,44.0,37.0,0.012,0.044,0.7,0.004
2017-02-23,34.0,23.0,0.04,0.016,0.6,0.006
2017-02-24,31.0,20.0,0.032,0.023,0.6,0.005
2017-02-25,45.0,32.0,0.034,0.023,0.7,0.006
2017-02-26,45.0,34.0,0.04,0.014,0.7,0.004
2017-02-27,26.0,20.0,0.04,0.016,0.6,0.003
2017-02-28,34.0,26.0,0.032,0.032,0.6,0.007
2017-03-01,51.0,43.0,0.038,0.032,0.6,0.007
2017-03-02,30.0,20.0,0.038,0.017,0.6,0.003
2017-03-03,41.0,23.0,0.033,0.026,0.6,0.005
2017-03-04,45.0,32.0,0.03,0.033,0.5,0.005
2017-03-05,49.0,37.0,0.044,0.02,0.5,0.004
2017-03-06,41.0,30.0,0.038,0.017,0.5,0.004
2017-03-07,34.0,24.0,0.041,0.013,0.5,0.004
2017-03-08,44.0,22.0,0.039,0.016,0.5,0.004
2017-03-09,49.0,23.0,0.038,0.022,0.5,0.004
2017-03-10,40.0,24.0,0.041,0.02,0.5,0.004
2017-03-11,63.0,45.0,0.029,0.044,0.5,0.008
2017-03-12,84.0,65.0,0.04,0.038,0.5,0.008
2017-03-13,60.0,42.0,0.044,0.017,0.5,0.004
2017-03-14,50.0,32.0,0.042,0.016,0.5,0.004
2017-03-15,36.0,24.0,0.044,0.015,0.5,0.003
2017-03-16,67.0,54.0,0.039,0.034,0.5,0.006
2017-03-17,75.0,63.0,0.05,0.026,0.5,0.005
2017-03-18,75.0,59.0,0.044,0.037,0.5,0.009
2017-03-19,79.0,66.0,0.054,0.02,0.5,0.005
2017-03-20,105.0,78.0,0.024,0.052,0.7,0.006
2017-03-21,89.0,61.0,0.037,0.026,0.5,0.005
2017-03-22,46.0,32.0,0.047,0.019,0.4,0.004
2017-03-23,65.0,42.0,0.049,0.022,0.4,0.004
2017-03-24,55.0,39.0,0.036,0.03,0.4,0.004
2017-03-25,60.0,43.0,0.032,0.032,0.4,0.007
2017-03-26,60.0,46.0,0.049,0.018,0.4,0.006
2017-03-27,73.0,59.0,0.053,0.019,0.8,0.004
2017-03-28,82.0,62.0,0.029,0.03,0.6,0.005
2017-03-29,42.0,31.0,0.053,0.015,0.4,0.003
2017-03-30,53.0,40.0,0.048,0.018,0.4,0.003
2017-03-31,58.0,46.0,0.026,0.034,0.5,0.005
2017-04-01,26.0,20.0,0.041,0.018,0.4,0.002
2017-04-02,50.0,40.0,0.05,0.021,0.4,0.004
2017-04-03,83.0,67.0,0.051,0.036,0.6,0.007
2017-04-04,79.0,61.0,0.053,0.037,0.5,0.008
2017-04-05,44.0,37.0,0.029,0.043,0.4,0.007
2017-04-06,28.0,22.0,0.028,0.026,0.3,0.003
2017-04-07,29.0,23.0,0.038,0.022,0.4,0.003
2017-04-08,47.0,35.0,0.036,0.025,0.4,0.003
2017-04-09,37.0,28.0,0.043,0.014,0.4,0.002
2017-04-10,30.0,22.0,0.044,0.023,0.3,0.004
2017-04-11,55.0,36.0,0.049,0.019,0.4,0.004
2017-04-12,59.0,32.0,0.047,0.012,0.2,0.003
2017-04-13,67.0,32.0,0.047,0.026,0.4,0.008
2017-04-14,53.0,24.0,0.056,0.023,0.3,0.006
2017-04-15,67.0,37.0,0.056,0.027,0.4,0.009
2017-04-16,52.0,32.0,0.035,0.032,0.5,0.006
2017-04-17,42.0,26.0,0.037,0.028,0.4,0.004
2017-04-18,42.0,16.0,0.047,0.015,0.3,0.002
2017-04-19,84.0,23.0,0.041,0.016,0.3,0.003
2017-04-20,77.0,28.0,0.042,0.028,0.3,0.005
2017-04-21,53.0,20.0,0.047,0.021,0.3,0.003
2017-04-22,56.0,29.0,0.043,0.022,0.4,0.002
2017-04-23,48.0,30.0,0.056,0.021,0.4,0.005
2017-04-24,43.0,25.0,0.059,0.023,0.3,0.005
2017-04-25,51.0,28.0,0.056,0.021,0.3,0.005
2017-04-26,40.0,23.0,0.045,0.016,0.3,0.003
2017-04-27,41.0,20.0,0.049,0.016,0.4,0.004
2017-04-28,61.0,31.0,0.046,0.025,0.5,0.007
2017-04-29,65.0,39.0,0.056,0.026,0.5,0.008
2017-04-30,89.0,59.0,0.088,0.017,0.5,0.007
2017-05-01,101.0,69.0,0.062,0.022,0.6,0.004
2017-05-02,91.0,61.0,0.06,0.03,0.5,0.006
2017-05-03,62.0,36.0,0.085,0.022,0.4,0.004
2017-05-04,59.0,38.0,0.054,0.028,0.4,0.006
2017-05-05,51.0,28.0,0.049,0.015,0.3,0.004
2017-05-06,196.0,57.0,0.049,0.014,0.2,0.004
2017-05-07,86.0,23.0,0.055,0.017,0.3,0.005
2017-05-08,162.0,42.0,0.056,0.03,0.4,0.009
2017-05-09,113.0,33.0,0.031,0.03,0.4,0.005
2017-05-10,49.0,24.0,0.041,0.019,0.3,0.002
2017-05-11,73.0,39.0,0.045,0.033,0.4,0.007
2017-05-12,81.0,52.0,0.065,0.024,0.5,0.008
2017-05-13,49.0,29.0,0.057,0.015,0.3,0.004
2017-05-14,57.0,17.0,0.057,0.01,0.2,0.002
2017-05-15,37.0,12.0,0.046,0.014,0.2,0.002
2017-05-16,34.0,17.0,0.043,0.02,0.3,0.004
2017-05-17,40.0,26.0,0.051,0.021,0.3,0.006
2017-05-18,54.0,35.0,0.064,0.03,0.4,0.008
2017-05-19,55.0,32.0,0.061,0.022,0.3,0.006
2017-05-20,36.0,23.0,0.057,0.019,0.2,0.005
2017-05-21,26.0,18.0,0.055,0.011,0.2,0.003
2017-05-22,33.0,24.0,0.043,0.013,0.2,0.003
2017-05-23,32.0,22.0,0.028,0.018,0.2,0.004
2017-05-24,24.0,15.0,0.041,0.011,0.2,0.002
2017-05-25,39.0,20.0,0.054,0.017,0.3,0.004
2017-05-26,23.0,10.0,0.047,0.013,0.2,0.003
2017-05-27,27.0,15.0,0.057,0.017,0.3,0.004
2017-05-28,43.0,27.0,0.069,0.017,0.3,0.007
2017-05-29,68.0,42.0,0.066,0.024,0.4,0.007
2017-05-30,46.0,27.0,0.052,0.023,0.3,0.006
2017-05-31,37.0,27.0,0.035,0.019,0.3,0.004
2017-06-01,35.0,24.0,0.042,0.011,0.2,0.002
2017-06-02,26.0,14.0,0.046,0.011,0.2,0.002
2017-06-03,27.0,12.0,0.048,0.01,0.3,0.002
2017-06-04,22.0,12.0,0.058,0.008,0.2,0.002
2017-06-05,23.0,17.0,0.067,0.013,0.3,0.003
2017-06-06,22.0,17.0,0.05,0.018,0.3,0.003
2017-06-07,20.0,13.0,0.042,0.015,0.3,0.002
2017-06-08,55.0,41.0,0.075,0.017,0.5,0.004
2017-06-09,68.0,49.0,0.073,0.016,0.4,0.006
2017-06-10,50.0,28.0,0.057,0.012,0.3,0.003
2017-06-11,31.0,14.0,0.051,0.01,0.2,0.002
2017-06-12,28.0,16.0,0.052,0.014,0.2,0.003
2017-06-13,39.0,21.0,0.044,0.011,0.2,0.002
2017-06-14,43.0,25.0,0.049,0.012,0.2,0.003
2017-06-15,58.0,36.0,0.049,0.02,0.3,0.005
2017-06-16,77.0,47.0,0.068,0.019,0.4,0.006
2017-06-17,49.0,33.0,0.067,0.014,0.3,0.005
2017-06-18,47.0,33.0,0.052,0.011,0.3,0.004
2017-06-19,61.0,42.0,0.041,0.021,0.3,0.004
2017-06-20,47.0,35.0,0.055,0.021,0.3,0.004
2017-06-21,54.0,40.0,0.05,0.013,0.2,0.003
2017-06-22,33.0,26.0,0.044,0.011,0.2,0.002
2017-06-23,42.0,31.0,0.04,0.02,0.3,0.004
2017-06-24,38.0,25.0,0.026,0.03,0.3,0.007
2017-06-25,31.0,23.0,0.051,0.013,0.3,0.004
2017-06-26,31.0,24.0,0.041,0.023,0.4,0.002
2017-06-27,32.0,23.0,0.05,0.017,0.3,0.003
2017-06-28,47.0,34.0,0.045,0.017,0.3,0.005
2017-06-29,54.0,39.0,0.046,0.018,0.4,0.005
2017-06-30,48.0,34.0,0.048,0.012,0.3,0.002
2017-07-01,44.0,32.0,0.043,0.017,0.4,0.004
2017-07-02,35.0,22.0,0.022,0.013,0.2,0.004
2017-07-03,40.0,23.0,0.032,0.016,0.2,0.003
2017-07-04,38.0,25.0,0.041,0.013,0.3,0.003
2017-07-05,44.0,30.0,0.044,0.017,0.3,0.003
2017-07-06,55.0,39.0,0.051,0.019,0.4,0.005
2017-07-07,28.0,18.0,0.024,0.016,0.2,0.003
2017-07-08,36.0,21.0,0.033,0.013,0.2,0.003
2017-07-09,37.0,26.0,0.042,0.012,0.2,0.004
2017-07-10,20.0,12.0,0.027,0.015,0.2,0.002
2017-07-11,52.0,33.0,0.043,0.019,0.3,0.004
2017-07-12,49.0,31.0,0.045,0.018,0.4,0.004
2017-07-13,66.0,44.0,0.042,0.024,0.4,0.005
2017-07-14,59.0,40.0,0.042,0.021,0.4,0.005
2017-07-15,31.0,17.0,0.033,0.017,0.3,0.004
2017-07-16,30.0,20.0,0.027,0.016,0.2,0.004
2017-07-17,34.0,20.0,0.024,0.02,0.3,0.005
2017-07-18,30.0,20.0,0.037,0.016,0.2,0.004
2017-07-19,36.0,25.0,0.045,0.014,0.3,0.003
2017-07-20,63.0,44.0,0.053,0.021,0.4,0.006
2017-07-21,73.0,52.0,0.069,0.019,0.4,0.006
2017-07-22,76.0,53.0,0.054,0.019,0.3,0.003
2017-07-23,72.0,46.0,0.045,0.014,0.3,0.003
2017-07-24,50.0,29.0,0.021,0.028,0.4,0.003
2017-07-25,37.0,22.0,0.036,0.014,0.3,0.003
2017-07-26,28.0,19.0,0.052,0.012,0.2,0.003
2017-07-27,41.0,26.0,0.043,0.024,0.3,0.004
2017-07-28,41.0,24.0,0.021,0.025,0.4,0.003
2017-07-29,26.0,14.0,0.028,0.019,0.4,0.002
2017-07-30,29.0,21.0,0.043,0.01,0.3,0.003
2017-07-31,31.0,19.0,0.01,0.025,0.4,0.003
2017-08-01,31.0,18.0,0.036,0.021,0.3,0.003
2017-08-02,44.0,29.0,0.047,0.017,0.4,0.003
2017-08-03,31.0,20.0,0.051,0.016,0.3,0.003
2017-08-04,34.0,26.0,0.049,0.014,0.2,0.004
2017-08-05,41.0,31.0,0.051,0.016,0.3,0.003
2017-08-06,37.0,27.0,0.042,0.013,0.3,0.003
2017-08-07,40.0,26.0,0.05,0.011,0.3,0.003
2017-08-08,56.0,40.0,0.061,0.013,0.4,0.003
2017-08-09,53.0,37.0,0.052,0.019,0.4,0.003
2017-08-10,15.0,8.0,0.028,0.017,0.3,0.002
2017-08-11,18.0,10.0,0.027,0.02,0.2,0.002
2017-08-12,18.0,14.0,0.033,0.014,0.2,0.002
2017-08-13,17.0,11.0,0.025,0.013,0.2,0.002
2017-08-14,14.0,7.0,0.012,0.014,0.2,0.002
2017-08-15,10.0,5.0,0.012,0.012,0.2,0.002
2017-08-16,11.0,6.0,0.013,0.015,0.2,0.002
2017-08-17,19.0,11.0,0.022,0.016,0.2,0.003
2017-08-18,25.0,14.0,0.024,0.017,0.3,0.004
2017-08-19,36.0,22.0,0.027,0.026,0.4,0.003
2017-08-20,16.0,10.0,0.029,0.012,0.2,0.002
2017-08-21,20.0,12.0,0.027,0.012,0.2,0.004
2017-08-22,20.0,10.0,0.024,0.013,0.2,0.003
2017-08-23,35.0,15.0,0.011,0.018,0.2,0.003
2017-08-24,34.0,12.0,0.021,0.011,0.2,0.003
2017-08-25,35.0,19.0,0.043,0.012,0.4,0.005
2017-08-26,25.0,14.0,0.043,0.009,0.3,0.003
2017-08-27,31.0,19.0,0.027,0.019,0.3,0.003
2017-08-28,40.0,25.0,0.02,0.031,0.4,0.004
2017-08-29,25.0,14.0,0.031,0.014,0.2,0.002
2017-08-30,30.0,16.0,0.033,0.016,0.3,0.004
2017-08-31,43.0,28.0,0.047,0.014,0.5,0.003
2017-09-01,33.0,19.0,0.032,0.016,0.3,0.004
2017-09-02,35.0,21.0,0.047,0.014,0.3,0.003
2017-09-03,43.0,29.0,0.059,0.014,0.4,0.004
2017-09-04,33.0,23.0,0.051,0.02,0.3,0.003
2017-09-05,33.0,22.0,0.011,0.04,0.4,0.003
2017-09-06,33.0,21.0,0.025,0.02,0.3,0.004
2017-09-07,39.0,26.0,0.049,0.012,0.4,0.003
2017-09-08,64.0,38.0,0.05,0.017,0.6,0.006
2017-09-09,67.0,43.0,0.054,0.015,0.5,0.004
2017-09-10,63.0,42.0,0.038,0.023,0.6,0.003
2017-09-11,29.0,19.0,0.036,0.013,0.3,0.002
2017-09-12,37.0,22.0,0.036,0.016,0.3,0.005
2017-09-13,26.0,16.0,0.041,0.011,0.2,0.003
2017-09-14,32.0,17.0,0.036,0.017,0.3,0.003
2017-09-15,22.0,14.0,0.036,0.015,0.2,0.002
2017-09-16,16.0,11.0,0.034,0.011,0.2,0.002
2017-09-17,15.0,9.0,0.031,0.008,0.2,0.002
2017-09-18,23.0,12.0,0.041,0.011,0.2,0.003
2017-09-19,72.0,45.0,0.061,0.019,0.5,0.005
2017-09-20,27.0,13.0,0.035,0.013,0.2,0.003
2017-09-21,37.0,21.0,0.045,0.023,0.4,0.004
2017-09-22,39.0,25.0,0.048,0.03,0.4,0.005
2017-09-23,52.0,29.0,0.047,0.019,0.3,0.005
2017-09-24,66.0,41.0,0.048,0.017,0.4,0.004
2017-09-25,46.0,27.0,0.045,0.019,0.4,0.003
2017-09-26,56.0,34.0,0.046,0.031,0.4,0.003
2017-09-27,49.0,29.0,0.035,0.019,0.4,0.003
2017-09-28,31.0,15.0,0.038,0.013,0.3,0.003
2017-09-29,24.0,13.0,0.039,0.013,0.2,0.004
2017-09-30,36.0,23.0,0.043,0.02,0.3,0.006
2017-10-01,38.0,23.0,0.026,0.029,0.4,0.004
2017-10-02,27.0,17.0,0.038,0.011,0.2,0.002
2017-10-03,40.0,18.0,0.034,0.009,0.2,0.003
2017-10-04,28.0,15.0,0.034,0.007,0.2,0.002
2017-10-05,20.0,12.0,0.032,0.011,0.2,0.002
2017-10-06,17.0,11.0,0.03,0.013,0.2,0.002
2017-10-07,15.0,10.0,0.031,0.012,0.2,0.002
2017-10-08,27.0,18.0,0.035,0.017,0.3,0.004
2017-10-09,29.0,19.0,0.034,0.016,0.3,0.004
2017-10-10,36.0,22.0,0.02,0.021,0.3,0.004
2017-10-11,16.0,9.0,0.028,0.012,0.2,0.002
2017-10-12,29.0,19.0,0.022,0.019,0.3,0.003
2017-10-13,29.0,17.0,0.033,0.012,0.3,0.002
2017-10-14,26.0,16.0,0.039,0.013,0.3,0.002
2017-10-15,26.0,17.0,0.039,0.011,0.2,0.002
2017-10-16,36.0,23.0,0.027,0.025,0.3,0.003
2017-10-17,42.0,26.0,0.046,0.015,0.3,0.003
2017-10-18,29.0,19.0,0.027,0.027,0.3,0.002
2017-10-19,25.0,17.0,0.032,0.019,0.2,0.002
2017-10-20,36.0,21.0,0.042,0.017,0.3,0.002
2017-10-21,45.0,27.0,0.046,0.014,0.3,0.002
2017-10-22,34.0,20.0,0.045,0.008,0.3,0.002
2017-10-23,26.0,14.0,0.04,0.012,0.2,0.002
2017-10-24,34.0,19.0,0.028,0.029,0.3,0.003
2017-10-25,39.0,24.0,0.046,0.012,0.3,0.002
2017-10-26,51.0,32.0,0.034,0.029,0.5,0.003
2017-10-27,54.0,34.0,0.05,0.015,0.5,0.003
2017-10-28,46.0,30.0,0.04,0.023,0.4,0.003
2017-10-29,67.0,32.0,0.04,0.01,0.3,0.003
2017-10-30,38.0,23.0,0.028,0.017,0.3,0.003
2017-10-31,32.0,18.0,0.03,0.022,0.3,0.004
2017-11-01,39.0,22.0,0.034,0.026,0.3,0.005
2017-11-02,43.0,26.0,0.037,0.027,0.3,0.005
2017-11-03,42.0,28.0,0.037,0.018,0.3,0.004
2017-11-04,77.0,61.0,0.031,0.016,0.4,0.002
2017-11-05,31.0,22.0,0.032,0.017,0.3,0.003
2017-11-06,32.0,22.0,0.023,0.032,0.3,0.005
2017-11-07,43.0,29.0,0.016,0.042,0.4,0.007
2017-11-08,63.0,33.0,0.04,0.016,0.4,0.003
2017-11-09,37.0,24.0,0.023,0.026,0.3,0.004
2017-11-10,50.0,27.0,0.018,0.038,0.5,0.006
2017-11-11,60.0,24.0,0.023,0.015,0.2,0.004
2017-11-12,30.0,21.0,0.026,0.017,0.3,0.003
2017-11-13,44.0,30.0,0.015,0.039,0.5,0.006
2017-11-14,46.0,22.0,0.024,0.018,0.4,0.004
2017-11-15,28.0,17.0,0.026,0.014,0.3,0.004
2017-11-16,27.0,19.0,0.025,0.014,0.3,0.003
2017-11-17,43.0,30.0,0.008,0.04,0.6,0.004
2017-11-18,39.0,28.0,0.028,0.01,0.3,0.003
2017-11-19,26.0,19.0,0.028,0.011,0.3,0.004
2017-11-20,33.0,26.0,0.016,0.026,0.4,0.003
2017-11-21,47.0,36.0,0.012,0.038,0.5,0.004
2017-11-22,55.0,33.0,0.017,0.033,0.4,0.005
2017-11-23,27.0,17.0,0.02,0.019,0.3,0.004
2017-11-24,23.0,16.0,0.018,0.018,0.3,0.003
2017-11-25,32.0,20.0,0.019,0.026,0.4,0.004
2017-11-26,38.0,24.0,0.018,0.02,0.4,0.003
2017-11-27,43.0,30.0,0.015,0.031,0.5,0.004
2017-11-28,63.0,42.0,0.004,0.059,0.8,0.008
2017-11-29,55.0,30.0,0.027,0.016,0.3,0.003
2017-11-30,24.0,15.0,0.027,0.018,0.2,0.003
2017-12-01,27.0,17.0,0.019,0.025,0.3,0.003
2017-12-02,33.0,22.0,0.014,0.032,0.4,0.005
2017-12-03,58.0,38.0,0.021,0.027,0.5,0.005
2017-12-04,44.0,29.0,0.024,0.019,0.4,0.004
2017-12-05,25.0,16.0,0.021,0.019,0.3,0.004
2017-12-06,32.0,22.0,0.009,0.036,0.4,0.004
2017-12-07,40.0,29.0,0.014,0.029,0.5,0.004
2017-12-08,31.0,23.0,0.022,0.017,0.3,0.004
2017-12-09,40.0,27.0,0.006,0.043,0.5,0.008
2017-12-10,37.0,24.0,0.018,0.025,0.4,0.005
2017-12-11,42.0,18.0,0.019,0.012,0.2,0.003
2017-12-12,33.0,22.0,0.015,0.018,0.3,0.002
2017-12-13,34.0,23.0,0.017,0.021,0.3,0.002
2017-12-14,50.0,33.0,0.011,0.035,0.5,0.002
2017-12-15,75.0,50.0,0.001,0.065,1.0,0.006
2017-12-16,42.0,27.0,0.018,0.019,0.4,0.003
2017-12-17,37.0,19.0,0.024,0.015,0.3,0.002
2017-12-18,50.0,31.0,0.01,0.034,0.5,0.004
2017-12-19,44.0,24.0,0.017,0.02,0.3,0.003
2017-12-20,34.0,24.0,0.01,0.037,0.6,0.003
2017-12-21,43.0,32.0,0.009,0.038,0.5,0.005
2017-12-22,45.0,31.0,0.015,0.038,0.6,0.007
2017-12-23,90.0,57.0,0.018,0.04,0.7,0.007
2017-12-24,62.0,45.0,0.021,0.031,0.7,0.005
2017-12-25,29.0,18.0,0.029,0.013,0.3,0.004
2017-12-26,28.0,17.0,0.023,0.017,0.3,0.004
2017-12-27,27.0,19.0,0.02,0.018,0.4,0.004
2017-12-28,38.0,25.0,0.012,0.03,0.5,0.004
2017-12-29,81.0,56.0,0.012,0.043,0.7,0.01
2017-12-30,101.0,75.0,0.011,0.043,0.9,0.005
2017-12-31,59.0,38.0,0.023,0.019,0.6,0.005
2018-01-01,36.0,21.0,0.025,0.015,0.4,0.006
2018-01-02,37.0,23.0,0.018,0.025,0.5,0.005
2018-01-03,36.0,24.0,0.021,0.019,0.4,0.004
2018-01-04,37.0,23.0,0.018,0.022,0.4,0.004
2018-01-05,44.0,30.0,0.022,0.021,0.6,0.005
2018-01-06,41.0,29.0,0.025,0.019,0.5,0.005
2018-01-07,54.0,40.0,0.01,0.041,0.7,0.005
2018-01-08,53.0,37.0,0.015,0.032,0.6,0.005
2018-01-09,38.0,20.0,0.026,0.016,0.3,0.005
2018-01-10,30.0,18.0,0.021,0.016,0.4,0.003
2018-01-11,32.0,26.0,0.02,0.015,0.4,0.004
2018-01-12,25.0,19.0,0.02,0.024,0.4,0.004
2018-01-13,51.0,40.0,0.004,0.054,0.8,0.006
2018-01-14,58.0,45.0,0.018,0.035,0.6,0.007
2018-01-15,68.0,46.0,0.025,0.03,0.6,0.007
2018-01-16,110.0,82.0,0.005,0.063,1.1,0.007
2018-01-17,77.0,60.0,0.021,0.032,0.7,0.005
2018-01-18,74.0,50.0,0.017,0.034,0.7,0.005
2018-01-19,47.0,27.0,0.029,0.022,0.4,0.004
2018-01-20,95.0,61.0,0.022,0.037,0.7,0.008
2018-01-21,44.0,30.0,0.03,0.017,0.4,0.004
2018-01-22,41.0,27.0,0.017,0.035,0.5,0.004
2018-01-23,25.0,15.0,0.03,0.013,0.3,0.004
2018-01-24,29.0,15.0,0.03,0.014,0.3,0.004
2018-01-25,24.0,16.0,0.03,0.015,0.3,0.003
2018-01-26,32.0,22.0,0.028,0.016,0.4,0.004
2018-01-27,34.0,23.0,0.026,0.02,0.4,0.004
2018-01-28,31.0,20.0,0.03,0.018,0.4,0.004
2018-01-29,46.0,18.0,0.027,0.019,0.4,0.004
2018-01-30,43.0,20.0,0.023,0.024,0.4,0.004
2018-01-31,42.0,23.0,0.019,0.027,0.5,0.004
2018-02-01,37.0,24.0,0.027,0.021,0.4,0.004
2018-02-02,53.0,32.0,0.03,0.02,0.6,0.005
2018-02-03,37.0,23.0,0.029,0.013,0.4,0.004
2018-02-04,34.0,25.0,0.031,0.012,0.4,0.004
2018-02-05,30.0,20.0,0.027,0.017,0.4,0.004
2018-02-06,32.0,23.0,0.031,0.016,0.4,0.004
2018-02-07,35.0,24.0,0.033,0.016,0.4,0.004
2018-02-08,41.0,30.0,0.026,0.035,0.6,0.004
2018-02-09,65.0,48.0,0.023,0.061,0.8,0.008
2018-02-10,68.0,39.0,0.034,0.025,0.5,0.005
2018-02-11,49.0,18.0,0.034,0.012,0.3,0.004
2018-02-12,45.0,18.0,0.033,0.016,0.3,0.004
2018-02-13,46.0,18.0,0.034,0.018,0.4,0.005
2018-02-14,60.0,30.0,0.045,0.02,0.4,0.005
2018-02-15,39.0,18.0,0.037,0.011,0.3,0.003
2018-02-16,41.0,25.0,0.038,0.015,0.4,0.004
2018-02-17,46.0,16.0,0.035,0.01,0.3,0.003
2018-02-18,33.0,18.0,0.037,0.012,0.3,0.004
2018-02-19,56.0,37.0,0.023,0.021,0.5,0.004
2018-02-20,59.0,34.0,0.011,0.016,0.4,0.004
2018-02-21,35.0,21.0,0.012,0.014,0.3,0.004
2018-02-22,44.0,27.0,0.011,0.022,0.3,0.006
2018-02-23,85.0,54.0,0.011,0.026,0.5,0.005
2018-02-24,66.0,42.0,0.011,0.017,0.3,0.003
2018-02-25,43.0,29.0,0.012,0.014,0.3,0.003
2018-02-26,55.0,38.0,0.01,0.028,0.2,0.006
2018-02-27,87.0,54.0,0.008,0.06,0.3,0.009
2018-02-28,65.0,39.0,0.015,0.039,0.4,0.004
2018-03-01,45.0,31.0,0.043,0.012,0.5,0.003
2018-03-02,66.0,21.0,0.031,0.022,0.4,0.004
2018-03-03,51.0,26.0,0.02,0.041,0.5,0.006
2018-03-04,35.0,23.0,0.019,0.028,0.5,0.003
2018-03-05,12.0,7.0,0.04,0.012,0.3,0.002
2018-03-06,30.0,18.0,0.033,0.017,0.4,0.003
2018-03-07,35.0,21.0,0.026,0.026,0.4,0.003
2018-03-08,38.0,29.0,0.029,0.018,0.5,0.002
2018-03-09,46.0,34.0,0.028,0.025,0.6,0.003
2018-03-10,39.0,27.0,0.031,0.024,0.4,0.006
2018-03-11,65.0,45.0,0.041,0.019,0.4,0.004
2018-03-12,90.0,59.0,0.032,0.04,0.7,0.006
2018-03-13,42.0,26.0,0.037,0.025,0.3,0.005
2018-03-14,24.0,14.0,0.035,0.02,0.3,0.006
2018-03-15,20.0,12.0,0.022,0.02,0.4,0.003
2018-03-16,13.0,12.0,0.033,0.019,0.4,0.002
2018-03-17,31.0,20.0,0.029,0.028,0.5,0.004
2018-03-18,53.0,40.0,0.034,0.027,0.5,0.005
2018-03-19,29.0,22.0,0.033,0.022,0.4,0.003
2018-03-20,20.0,10.0,0.046,0.01,0.3,0.002
2018-03-21,18.0,11.0,0.039,0.014,0.3,0.002
2018-03-22,37.0,22.0,0.041,0.02,0.5,0.004
2018-03-23,58.0,43.0,0.046,0.028,0.6,0.005
2018-03-24,92.0,71.0,0.045,0.033,0.7,0.007
2018-03-25,123.0,99.0,0.056,0.033,1.0,0.007
2018-03-26,85.0,57.0,0.041,0.042,0.8,0.006
2018-03-27,83.0,58.0,0.042,0.04,0.7,0.007
2018-03-28,54.0,38.0,0.04,0.03,0.5,0.006
2018-03-29,57.0,42.0,0.036,0.025,0.5,0.005
2018-03-30,58.0,35.0,0.037,0.029,0.5,0.005
2018-03-31,52.0,28.0,0.046,0.029,0.5,0.006
2018-04-01,65.0,33.0,0.041,0.021,0.5,0.006
2018-04-02,58.0,26.0,0.038,0.021,0.5,0.007
2018-04-03,49.0,18.0,0.028,0.023,0.4,0.006
2018-04-04,14.0,8.0,0.033,0.018,0.4,0.003
2018-04-05,9.0,6.0,0.022,0.025,0.5,0.002
2018-04-06,97.0,27.0,0.038,0.014,0.5,0.002
2018-04-07,46.0,18.0,0.044,0.01,0.5,0.003
2018-04-08,29.0,15.0,0.04,0.016,0.5,0.003
2018-04-09,36.0,22.0,0.024,0.037,0.5,0.003
2018-04-10,45.0,19.0,0.035,0.03,0.5,0.004
2018-04-11,55.0,20.0,0.044,0.017,0.5,0.003
2018-04-12,50.0,18.0,0.037,0.026,0.5,0.005
2018-04-13,33.0,14.0,0.038,0.024,0.5,0.003
2018-04-14,24.0,14.0,0.041,0.017,0.5,0.003
2018-04-15,56.0,18.0,0.041,0.011,0.5,0.003
2018-04-16,32.0,20.0,0.047,0.012,0.5,0.002
2018-04-17,45.0,28.0,0.046,0.029,0.6,0.004
2018-04-18,37.0,22.0,0.058,0.018,0.5,0.003
2018-04-19,57.0,33.0,0.053,0.032,0.5,0.007
2018-04-20,76.0,45.0,0.058,0.037,0.7,0.008
2018-04-21,60.0,36.0,0.042,0.041,0.6,0.008
2018-04-22,34.0,21.0,0.032,0.027,0.5,0.004
2018-04-23,8.0,8.0,0.05,0.014,0.4,0.002
2018-04-24,7.0,6.0,0.045,0.012,0.4,0.002
2018-04-25,25.0,20.0,0.048,0.015,0.4,0.002
2018-04-26,44.0,32.0,0.045,0.032,0.6,0.005
2018-04-27,50.0,37.0,0.041,0.032,0.6,0.006
2018-04-28,56.0,34.0,0.042,0.029,0.6,0.006
2018-04-29,54.0,35.0,0.062,0.025,0.6,0.006
2018-04-30,68.0,52.0,0.047,0.023,0.6,0.006
2018-05-01,47.0,37.0,0.033,0.019,0.6,0.003
2018-05-02,37.0,29.0,0.029,0.023,0.6,0.003
2018-05-03,36.0,16.0,0.047,0.015,0.5,0.003
2018-05-04,38.0,15.0,0.06,0.014,0.4,0.003
2018-05-05,38.0,20.0,0.071,0.016,0.5,0.005
2018-05-06,15.0,10.0,0.045,0.012,0.4,0.002
2018-05-07,33.0,21.0,0.039,0.017,0.5,0.003
2018-05-08,22.0,11.0,0.047,0.014,0.4,0.002
2018-05-09,19.0,9.0,0.046,0.014,0.4,0.002
2018-05-10,31.0,21.0,0.05,0.017,0.5,0.004
2018-05-11,55.0,45.0,0.046,0.03,0.6,0.004
2018-05-12,28.0,24.0,0.032,0.029,0.5,0.004
2018-05-13,20.0,16.0,0.042,0.013,0.5,0.003
2018-05-14,66.0,52.0,0.045,0.03,0.8,0.006
2018-05-15,62.0,46.0,0.056,0.03,0.7,0.006
2018-05-16,32.0,21.0,0.016,0.019,0.5,0.004
2018-05-17,17.0,13.0,0.014,0.023,0.4,0.003
2018-05-18,12.0,5.0,0.022,0.016,0.4,0.003
2018-05-19,11.0,5.0,0.04,0.013,0.4,0.002
2018-05-20,11.0,6.0,0.041,0.013,0.4,0.002
2018-05-21,17.0,9.0,0.048,0.016,0.4,0.003
2018-05-22,35.0,25.0,0.032,0.027,0.6,0.004
2018-05-23,43.0,12.0,0.049,0.013,0.4,0.002
2018-05-24,95.0,26.0,0.05,0.024,0.6,0.006
2018-05-25,82.0,27.0,0.06,0.023,0.5,0.006
2018-05-26,63.0,30.0,0.067,0.02,0.5,0.004
2018-05-27,56.0,23.0,0.056,0.02,0.5,0.006
2018-05-28,46.0,25.0,0.054,0.025,0.5,0.006
2018-05-29,32.0,23.0,0.041,0.021,0.4,0.005
2018-05-30,29.0,20.0,0.035,0.016,0.4,0.003
2018-05-31,33.0,20.0,0.048,0.013,0.5,0.003
2018-06-01,37.0,23.0,0.052,0.024,0.5,0.004
2018-06-02,32.0,21.0,0.054,0.022,0.5,0.004
2018-06-03,30.0,21.0,0.058,0.015,0.5,0.004
2018-06-04,37.0,27.0,0.04,0.022,0.5,0.006
2018-06-05,43.0,35.0,0.057,0.016,0.5,0.007
2018-06-06,45.0,37.0,0.04,0.013,0.4,0.005
2018-06-07,28.0,24.0,0.034,0.015,0.4,0.003
2018-06-08,27.0,23.0,0.041,0.01,0.4,0.002
2018-06-09,40.0,32.0,0.051,0.014,0.5,0.003
2018-06-10,10.0,8.0,0.034,0.01,0.4,0.002
2018-06-11,10.0,7.0,0.024,0.015,0.4,0.002
2018-06-12,13.0,9.0,0.026,0.01,0.4,0.002
2018-06-13,24.0,20.0,0.035,0.02,0.5,0.005
2018-06-14,29.0,24.0,0.028,0.025,0.5,0.003
2018-06-15,15.0,11.0,0.037,0.016,0.4,0.002
2018-06-16,20.0,15.0,0.043,0.014,0.4,0.002
2018-06-17,45.0,38.0,0.042,0.022,0.5,0.005
2018-06-18,36.0,31.0,0.047,0.017,0.5,0.003
2018-06-19,35.0,29.0,0.032,0.021,0.5,0.004
2018-06-20,36.0,33.0,0.043,0.011,0.4,0.003
2018-06-21,35.0,30.0,0.052,0.014,0.5,0.003
2018-06-22,39.0,31.0,0.053,0.02,0.5,0.003
2018-06-23,34.0,27.0,0.047,0.02,0.5,0.006
2018-06-24,46.0,36.0,0.056,0.015,0.5,0.005
2018-06-25,48.0,36.0,0.048,0.028,0.5,0.006
2018-06-26,43.0,33.0,0.045,0.02,0.5,0.004
2018-06-27,27.0,20.0,0.038,0.021,0.6,0.004
2018-06-28,21.0,18.0,0.027,0.021,0.5,0.003
2018-06-29,34.0,26.0,0.045,0.019,0.5,0.004
2018-06-30,40.0,30.0,0.032,0.025,0.6,0.004
2018-07-01,10.0,6.0,0.022,0.015,0.4,0.002
2018-07-02,11.0,7.0,0.033,0.016,0.4,0.003
2018-07-03,17.0,11.0,0.016,0.018,0.4,0.003
2018-07-04,21.0,13.0,0.024,0.013,0.4,0.003
2018-07-05,24.0,18.0,0.026,0.019,0.5,0.003
2018-07-06,10.0,3.0,0.023,0.011,0.3,0.002
2018-07-07,12.0,5.0,0.03,0.011,0.4,0.002
2018-07-08,17.0,9.0,0.038,0.011,0.4,0.003
2018-07-09,12.0,6.0,0.008,0.019,0.4,0.002
2018-07-10,23.0,14.0,0.01,0.022,0.5,0.003
2018-07-11,36.0,23.0,0.01,0.02,0.4,0.005
2018-07-12,27.0,16.0,0.007,0.013,0.3,0.004
2018-07-13,22.0,13.0,0.011,0.014,0.4,0.005
2018-07-14,22.0,15.0,0.02,0.012,0.4,0.004
2018-07-15,21.0,15.0,0.022,0.008,0.3,0.004
2018-07-16,23.0,16.0,0.022,0.013,0.4,0.004
2018-07-17,28.0,24.0,0.012,0.01,0.3,0.003
2018-07-18,36.0,32.0,0.017,0.011,0.3,0.004
2018-07-19,29.0,22.0,0.015,0.01,0.3,0.008
2018-07-20,26.0,17.0,0.019,0.014,0.4,0.005
2018-07-21,27.0,20.0,0.034,0.014,0.4,0.004
2018-07-22,28.0,19.0,0.036,0.01,0.4,0.003
2018-07-23,29.0,20.0,0.029,0.015,0.4,0.005
2018-07-24,34.0,25.0,0.043,0.018,0.4,0.004
2018-07-25,34.0,22.0,0.028,0.012,0.4,0.004
2018-07-26,40.0,28.0,0.023,0.015,0.4,0.003
2018-07-27,40.0,29.0,0.026,0.012,0.4,0.002
2018-07-28,38.0,28.0,0.025,0.015,0.4,0.002
2018-07-29,25.0,15.0,0.029,0.008,0.4,0.002
2018-07-30,15.0,8.0,0.037,0.011,0.4,0.002
2018-07-31,22.0,14.0,0.048,0.016,0.4,0.003
2018-08-01,36.0,24.0,0.043,0.011,0.4,0.002
2018-08-02,50.0,47.0,0.08,0.012,0.5,0.003
2018-08-03,43.0,41.0,0.058,0.014,0.5,0.006
2018-08-04,27.0,28.0,0.036,0.009,0.4,0.004
2018-08-05,30.0,26.0,0.032,0.005,0.3,0.003
2018-08-06,34.0,29.0,0.028,0.008,0.3,0.003
2018-08-07,23.0,24.0,0.031,0.013,0.4,0.003
2018-08-08,25.0,21.0,0.026,0.006,0.3,0.003
2018-08-09,24.0,20.0,0.023,0.009,0.3,0.003
2018-08-10,23.0,13.0,0.023,0.015,0.5,0.003
2018-08-11,18.0,13.0,0.043,0.012,0.4,0.003
2018-08-12,22.0,16.0,0.046,0.009,0.4,0.003
2018-08-13,33.0,25.0,0.029,0.014,0.4,0.004
2018-08-14,26.0,17.0,0.022,0.012,0.3,0.004
2018-08-15,30.0,24.0,0.042,0.014,0.4,0.003
2018-08-16,22.0,14.0,0.029,0.012,0.6,0.002
2018-08-17,17.0,10.0,0.036,0.013,0.4,0.002
2018-08-18,20.0,11.0,0.04,0.011,0.4,0.002
2018-08-19,31.0,21.0,0.063,0.012,0.4,0.003
2018-08-20,37.0,26.0,0.049,0.015,0.4,0.004
2018-08-21,21.0,13.0,0.035,0.013,0.4,0.003
2018-08-22,26.0,19.0,0.041,0.016,0.5,0.003
2018-08-23,18.0,12.0,0.015,0.012,0.4,0.003
2018-08-24,13.0,9.0,0.03,0.008,0.4,0.003
2018-08-25,22.0,15.0,0.049,0.011,0.4,0.004
2018-08-26,18.0,14.0,0.036,0.014,0.4,0.003
2018-08-27,15.0,11.0,0.021,0.021,0.4,0.002
2018-08-28,15.0,10.0,0.009,0.022,0.5,0.003
2018-08-29,18.0,13.0,0.015,0.011,0.3,0.003
2018-08-30,23.0,19.0,0.039,0.013,0.4,0.003
2018-08-31,20.0,16.0,0.037,0.01,0.5,0.003
2018-09-01,20.0,14.0,0.034,0.012,0.5,0.002
2018-09-02,17.0,12.0,0.042,0.01,0.4,0.003
2018-09-03,18.0,14.0,0.021,0.021,0.5,0.003
2018-09-04,19.0,13.0,0.032,0.013,0.4,0.003
2018-09-05,24.0,15.0,0.054,0.009,0.4,0.003
2018-09-06,31.0,23.0,0.058,0.016,0.5,0.005
2018-09-07,28.0,18.0,0.047,0.014,0.5,0.005
2018-09-08,22.0,15.0,0.041,0.01,0.4,0.003
2018-09-09,24.0,16.0,0.039,0.01,0.4,0.003
2018-09-10,16.0,10.0,0.032,0.015,0.4,0.002
2018-09-11,15.0,10.0,0.029,0.017,0.4,0.002
2018-09-12,17.0,13.0,0.04,0.016,0.5,0.003
2018-09-13,22.0,16.0,0.021,0.029,0.4,0.003
2018-09-14,19.0,15.0,0.021,0.025,0.5,0.003
2018-09-15,15.0,11.0,0.025,0.019,0.4,0.003
2018-09-16,33.0,26.0,0.038,0.01,0.5,0.002
2018-09-17,25.0,19.0,0.038,0.01,0.5,0.003
2018-09-18,30.0,20.0,0.039,0.014,0.5,0.003
2018-09-19,41.0,28.0,0.03,0.03,0.6,0.004
2018-09-20,19.0,16.0,0.029,0.019,0.5,0.002
2018-09-21,15.0,11.0,0.024,0.02,0.4,0.002
2018-09-22,31.0,17.0,0.045,0.008,0.5,0.003
2018-09-23,31.0,17.0,0.042,0.013,0.5,0.003
2018-09-24,19.0,12.0,0.033,0.006,0.4,0.003
2018-09-25,20.0,15.0,0.03,0.007,0.4,0.002
2018-09-26,15.0,14.0,0.031,0.009,0.4,0.002
2018-09-27,17.0,13.0,0.028,0.013,0.4,0.002
2018-09-28,18.0,13.0,0.02,0.023,0.4,0.002
2018-09-29,21.0,15.0,0.028,0.021,0.4,0.003
2018-09-30,24.0,17.0,0.033,0.011,0.4,0.002
2018-10-01,22.0,14.0,0.03,0.011,0.4,0.003
2018-10-02,25.0,16.0,0.032,0.01,0.4,0.003
2018-10-03,25.0,17.0,0.033,0.017,0.5,0.003
2018-10-04,24.0,16.0,0.032,0.019,0.4,0.003
2018-10-05,16.0,14.0,0.028,0.016,0.4,0.003
2018-10-06,12.0,9.0,0.035,0.008,0.4,0.003
2018-10-07,28.0,15.0,0.032,0.01,0.4,0.004
2018-10-08,21.0,11.0,0.034,0.012,0.4,0.003
2018-10-09,28.0,15.0,0.017,0.031,0.5,0.003
2018-10-10,22.0,16.0,0.023,0.015,0.5,0.005
2018-10-11,19.0,15.0,0.021,0.013,0.4,0.005
2018-10-12,21.0,14.0,0.028,0.011,0.4,0.004
2018-10-13,29.0,18.0,0.03,0.027,0.5,0.004
2018-10-14,28.0,17.0,0.04,0.014,0.5,0.003
2018-10-15,46.0,28.0,0.048,0.019,0.6,0.004
2018-10-16,32.0,16.0,0.035,0.014,0.5,0.003
2018-10-17,25.0,11.0,0.031,0.013,0.4,0.004
2018-10-18,14.0,8.0,0.02,0.015,0.4,0.003
2018-10-19,17.0,8.0,0.032,0.01,0.4,0.003
2018-10-20,34.0,18.0,0.035,0.017,0.5,0.004
2018-10-21,33.0,20.0,0.037,0.024,0.6,0.004
2018-10-22,48.0,30.0,0.03,0.046,0.7,0.006
2018-10-23,49.0,28.0,0.029,0.035,0.6,0.005
2018-10-24,33.0,14.0,0.033,0.015,0.5,0.004
2018-10-25,36.0,17.0,0.021,0.038,0.6,0.004
2018-10-26,36.0,19.0,0.024,0.032,0.6,0.004
2018-10-27,25.0,6.0,0.027,0.01,0.4,0.004
2018-10-28,15.0,8.0,0.023,0.015,0.4,0.004
2018-10-29,16.0,8.0,0.023,0.011,0.4,0.003
2018-10-30,22.0,11.0,0.019,0.014,0.5,0.003
2018-10-31,20.0,11.0,0.022,0.014,0.4,0.003
2018-11-01,26.0,15.0,0.028,0.014,0.5,0.004
2018-11-02,38.0,24.0,0.019,0.041,0.8,0.005
2018-11-03,45.0,30.0,0.032,0.034,0.7,0.005
2018-11-04,34.0,25.0,0.042,0.015,0.6,0.003
2018-11-05,54.0,37.0,0.037,0.019,0.7,0.004
2018-11-06,89.0,63.0,0.021,0.038,0.9,0.005
2018-11-07,52.0,39.0,0.01,0.033,0.8,0.004
2018-11-08,12.0,8.0,0.019,0.023,0.5,0.003
2018-11-09,37.0,22.0,0.038,0.014,0.6,0.004
2018-11-10,61.0,40.0,0.035,0.02,0.7,0.004
2018-11-11,49.0,30.0,0.019,0.023,0.7,0.004
2018-11-12,31.0,17.0,0.027,0.018,0.5,0.004
2018-11-13,46.0,26.0,0.027,0.018,0.7,0.004
2018-11-14,30.0,19.0,0.027,0.019,0.5,0.003
2018-11-15,45.0,31.0,0.026,0.039,0.7,0.005
2018-11-16,42.0,28.0,0.023,0.028,0.7,0.004
2018-11-17,22.0,14.0,0.021,0.016,0.5,0.003
2018-11-18,29.0,17.0,0.023,0.018,0.6,0.004
2018-11-19,50.0,27.0,0.018,0.03,0.7,0.004
2018-11-20,40.0,16.0,0.027,0.025,0.6,0.005
2018-11-21,33.0,17.0,0.015,0.027,0.5,0.004
2018-11-22,19.0,8.0,0.025,0.014,0.4,0.004
2018-11-23,21.0,11.0,0.018,0.025,0.5,0.003
2018-11-24,23.0,15.0,0.01,0.037,0.6,0.003
2018-11-25,43.0,32.0,0.011,0.038,0.8,0.005
2018-11-26,55.0,38.0,0.009,0.048,0.9,0.005
2018-11-27,134.0,51.0,0.013,0.046,0.8,0.006
2018-11-28,116.0,22.0,0.02,0.022,0.5,0.004
2018-11-29,62.0,18.0,0.011,0.029,0.6,0.003
2018-11-30,45.0,15.0,0.026,0.016,0.5,0.003
2018-12-01,32.0,16.0,0.017,0.034,0.6,0.005
2018-12-02,47.0,23.0,0.008,0.043,0.6,0.004
2018-12-03,33.0,17.0,0.013,0.032,0.5,0.004
2018-12-04,33.0,14.0,0.022,0.016,0.6,0.004
2018-12-05,23.0,10.0,0.018,0.016,0.5,0.003
2018-12-06,38.0,16.0,0.02,0.017,0.6,0.004
2018-12-07,18.0,7.0,0.025,0.011,0.4,0.003
2018-12-08,24.0,8.0,0.025,0.012,0.4,0.003
2018-12-09,24.0,10.0,0.025,0.013,0.5,0.004
2018-12-10,31.0,16.0,0.018,0.025,0.6,0.004
2018-12-11,42.0,23.0,0.011,0.035,0.7,0.004
2018-12-12,37.0,18.0,0.021,0.023,0.6,0.004
2018-12-13,40.0,24.0,0.017,0.028,0.6,0.004
2018-12-14,34.0,20.0,0.017,0.023,0.5,0.004
2018-12-15,58.0,37.0,0.01,0.039,0.8,0.004
2018-12-16,48.0,35.0,0.006,0.045,0.8,0.005
2018-12-17,77.0,49.0,0.015,0.029,0.8,0.005
2018-12-18,40.0,22.0,0.019,0.029,0.6,0.005
2018-12-19,52.0,29.0,0.019,0.028,0.7,0.005
2018-12-20,42.0,24.0,0.018,0.034,0.7,0.005
2018-12-21,72.0,47.0,0.004,0.063,1.1,0.007
2018-12-22,72.0,52.0,0.021,0.032,0.9,0.006
2018-12-23,44.0,21.0,0.028,0.015,0.6,0.004
2018-12-24,21.0,11.0,0.02,0.02,0.5,0.004
2018-12-25,30.0,19.0,0.006,0.04,0.6,0.005
2018-12-26,49.0,23.0,0.019,0.021,0.6,0.005
2018-12-27,27.0,10.0,0.023,0.013,0.4,0.004
2018-12-28,38.0,14.0,0.016,0.02,0.5,0.005
2018-12-29,37.0,11.0,0.022,0.016,0.5,0.004
2018-12-30,28.0,15.0,0.021,0.016,0.6,0.004
2018-12-31,39.0,23.0,0.019,0.023,0.6,0.004
