date,oil using
2016-01-01,180.06451612903226
2016-01-02,180.06451612903226
2016-01-03,180.06451612903226
2016-01-04,180.06451612903226
2016-01-05,180.06451612903226
2016-01-06,180.06451612903226
2016-01-07,180.06451612903226
2016-01-08,180.06451612903226
2016-01-09,180.06451612903226
2016-01-10,180.06451612903226
2016-01-11,180.06451612903226
2016-01-12,180.06451612903226
2016-01-13,180.06451612903226
2016-01-14,180.06451612903226
2016-01-15,180.06451612903226
2016-01-16,180.06451612903226
2016-01-17,180.06451612903226
2016-01-18,180.06451612903226
2016-01-19,180.06451612903226
2016-01-20,180.06451612903226
2016-01-21,180.06451612903226
2016-01-22,180.06451612903226
2016-01-23,180.06451612903226
2016-01-24,180.06451612903226
2016-01-25,180.06451612903226
2016-01-26,180.06451612903226
2016-01-27,180.06451612903226
2016-01-28,180.06451612903226
2016-01-29,180.06451612903226
2016-01-30,180.06451612903226
2016-01-31,180.06451612903226
2016-02-01,192.48275862068965
2016-02-02,192.48275862068965
2016-02-03,192.48275862068965
2016-02-04,192.48275862068965
2016-02-05,192.48275862068965
2016-02-06,192.48275862068965
2016-02-07,192.48275862068965
2016-02-08,192.48275862068965
2016-02-09,192.48275862068965
2016-02-10,192.48275862068965
2016-02-11,192.48275862068965
2016-02-12,192.48275862068965
2016-02-13,192.48275862068965
2016-02-14,192.48275862068965
2016-02-15,192.48275862068965
2016-02-16,192.48275862068965
2016-02-17,192.48275862068965
2016-02-18,192.48275862068965
2016-02-19,192.48275862068965
2016-02-20,192.48275862068965
2016-02-21,192.48275862068965
2016-02-22,192.48275862068965
2016-02-23,192.48275862068965
2016-02-24,192.48275862068965
2016-02-25,192.48275862068965
2016-02-26,192.48275862068965
2016-02-27,192.48275862068965
2016-02-28,192.48275862068965
2016-02-29,192.48275862068965
2016-03-01,180.06451612903226
2016-03-02,180.06451612903226
2016-03-03,180.06451612903226
2016-03-04,180.06451612903226
2016-03-05,180.06451612903226
2016-03-06,180.06451612903226
2016-03-07,180.06451612903226
2016-03-08,180.06451612903226
2016-03-09,180.06451612903226
2016-03-10,180.06451612903226
2016-03-11,180.06451612903226
2016-03-12,180.06451612903226
2016-03-13,180.06451612903226
2016-03-14,180.06451612903226
2016-03-15,180.06451612903226
2016-03-16,180.06451612903226
2016-03-17,180.06451612903226
2016-03-18,180.06451612903226
2016-03-19,180.06451612903226
2016-03-20,180.06451612903226
2016-03-21,180.06451612903226
2016-03-22,180.06451612903226
2016-03-23,180.06451612903226
2016-03-24,180.06451612903226
2016-03-25,180.06451612903226
2016-03-26,180.06451612903226
2016-03-27,180.06451612903226
2016-03-28,180.06451612903226
2016-03-29,180.06451612903226
2016-03-30,180.06451612903226
2016-03-31,180.06451612903226
2016-04-01,186.06666666666666
2016-04-02,186.06666666666666
2016-04-03,186.06666666666666
2016-04-04,186.06666666666666
2016-04-05,186.06666666666666
2016-04-06,186.06666666666666
2016-04-07,186.06666666666666
2016-04-08,186.06666666666666
2016-04-09,186.06666666666666
2016-04-10,186.06666666666666
2016-04-11,186.06666666666666
2016-04-12,186.06666666666666
2016-04-13,186.06666666666666
2016-04-14,186.06666666666666
2016-04-15,186.06666666666666
2016-04-16,186.06666666666666
2016-04-17,186.06666666666666
2016-04-18,186.06666666666666
2016-04-19,186.06666666666666
2016-04-20,186.06666666666666
2016-04-21,186.06666666666666
2016-04-22,186.06666666666666
2016-04-23,186.06666666666666
2016-04-24,186.06666666666666
2016-04-25,186.06666666666666
2016-04-26,186.06666666666666
2016-04-27,186.06666666666666
2016-04-28,186.06666666666666
2016-04-29,186.06666666666666
2016-04-30,186.06666666666666
2016-05-01,180.06451612903226
2016-05-02,180.06451612903226
2016-05-03,180.06451612903226
2016-05-04,180.06451612903226
2016-05-05,180.06451612903226
2016-05-06,180.06451612903226
2016-05-07,180.06451612903226
2016-05-08,180.06451612903226
2016-05-09,180.06451612903226
2016-05-10,180.06451612903226
2016-05-11,180.06451612903226
2016-05-12,180.06451612903226
2016-05-13,180.06451612903226
2016-05-14,180.06451612903226
2016-05-15,180.06451612903226
2016-05-16,180.06451612903226
2016-05-17,180.06451612903226
2016-05-18,180.06451612903226
2016-05-19,180.06451612903226
2016-05-20,180.06451612903226
2016-05-21,180.06451612903226
2016-05-22,180.06451612903226
2016-05-23,180.06451612903226
2016-05-24,180.06451612903226
2016-05-25,180.06451612903226
2016-05-26,180.06451612903226
2016-05-27,180.06451612903226
2016-05-28,180.06451612903226
2016-05-29,180.06451612903226
2016-05-30,180.06451612903226
2016-05-31,180.06451612903226
2016-06-01,186.06666666666666
2016-06-02,186.06666666666666
2016-06-03,186.06666666666666
2016-06-04,186.06666666666666
2016-06-05,186.06666666666666
2016-06-06,186.06666666666666
2016-06-07,186.06666666666666
2016-06-08,186.06666666666666
2016-06-09,186.06666666666666
2016-06-10,186.06666666666666
2016-06-11,186.06666666666666
2016-06-12,186.06666666666666
2016-06-13,186.06666666666666
2016-06-14,186.06666666666666
2016-06-15,186.06666666666666
2016-06-16,186.06666666666666
2016-06-17,186.06666666666666
2016-06-18,186.06666666666666
2016-06-19,186.06666666666666
2016-06-20,186.06666666666666
2016-06-21,186.06666666666666
2016-06-22,186.06666666666666
2016-06-23,186.06666666666666
2016-06-24,186.06666666666666
2016-06-25,186.06666666666666
2016-06-26,186.06666666666666
2016-06-27,186.06666666666666
2016-06-28,186.06666666666666
2016-06-29,186.06666666666666
2016-06-30,186.06666666666666
2016-07-01,180.06451612903226
2016-07-02,180.06451612903226
2016-07-03,180.06451612903226
2016-07-04,180.06451612903226
2016-07-05,180.06451612903226
2016-07-06,180.06451612903226
2016-07-07,180.06451612903226
2016-07-08,180.06451612903226
2016-07-09,180.06451612903226
2016-07-10,180.06451612903226
2016-07-11,180.06451612903226
2016-07-12,180.06451612903226
2016-07-13,180.06451612903226
2016-07-14,180.06451612903226
2016-07-15,180.06451612903226
2016-07-16,180.06451612903226
2016-07-17,180.06451612903226
2016-07-18,180.06451612903226
2016-07-19,180.06451612903226
2016-07-20,180.06451612903226
2016-07-21,180.06451612903226
2016-07-22,180.06451612903226
2016-07-23,180.06451612903226
2016-07-24,180.06451612903226
2016-07-25,180.06451612903226
2016-07-26,180.06451612903226
2016-07-27,180.06451612903226
2016-07-28,180.06451612903226
2016-07-29,180.06451612903226
2016-07-30,180.06451612903226
2016-07-31,180.06451612903226
2016-08-01,180.06451612903226
2016-08-02,180.06451612903226
2016-08-03,180.06451612903226
2016-08-04,180.06451612903226
2016-08-05,180.06451612903226
2016-08-06,180.06451612903226
2016-08-07,180.06451612903226
2016-08-08,180.06451612903226
2016-08-09,180.06451612903226
2016-08-10,180.06451612903226
2016-08-11,180.06451612903226
2016-08-12,180.06451612903226
2016-08-13,180.06451612903226
2016-08-14,180.06451612903226
2016-08-15,180.06451612903226
2016-08-16,180.06451612903226
2016-08-17,180.06451612903226
2016-08-18,180.06451612903226
2016-08-19,180.06451612903226
2016-08-20,180.06451612903226
2016-08-21,180.06451612903226
2016-08-22,180.06451612903226
2016-08-23,180.06451612903226
2016-08-24,180.06451612903226
2016-08-25,180.06451612903226
2016-08-26,180.06451612903226
2016-08-27,180.06451612903226
2016-08-28,180.06451612903226
2016-08-29,180.06451612903226
2016-08-30,180.06451612903226
2016-08-31,180.06451612903226
2016-09-01,186.06666666666666
2016-09-02,186.06666666666666
2016-09-03,186.06666666666666
2016-09-04,186.06666666666666
2016-09-05,186.06666666666666
2016-09-06,186.06666666666666
2016-09-07,186.06666666666666
2016-09-08,186.06666666666666
2016-09-09,186.06666666666666
2016-09-10,186.06666666666666
2016-09-11,186.06666666666666
2016-09-12,186.06666666666666
2016-09-13,186.06666666666666
2016-09-14,186.06666666666666
2016-09-15,186.06666666666666
2016-09-16,186.06666666666666
2016-09-17,186.06666666666666
2016-09-18,186.06666666666666
2016-09-19,186.06666666666666
2016-09-20,186.06666666666666
2016-09-21,186.06666666666666
2016-09-22,186.06666666666666
2016-09-23,186.06666666666666
2016-09-24,186.06666666666666
2016-09-25,186.06666666666666
2016-09-26,186.06666666666666
2016-09-27,186.06666666666666
2016-09-28,186.06666666666666
2016-09-29,186.06666666666666
2016-09-30,186.06666666666666
2016-10-01,180.06451612903226
2016-10-02,180.06451612903226
2016-10-03,180.06451612903226
2016-10-04,180.06451612903226
2016-10-05,180.06451612903226
2016-10-06,180.06451612903226
2016-10-07,180.06451612903226
2016-10-08,180.06451612903226
2016-10-09,180.06451612903226
2016-10-10,180.06451612903226
2016-10-11,180.06451612903226
2016-10-12,180.06451612903226
2016-10-13,180.06451612903226
2016-10-14,180.06451612903226
2016-10-15,180.06451612903226
2016-10-16,180.06451612903226
2016-10-17,180.06451612903226
2016-10-18,180.06451612903226
2016-10-19,180.06451612903226
2016-10-20,180.06451612903226
2016-10-21,180.06451612903226
2016-10-22,180.06451612903226
2016-10-23,180.06451612903226
2016-10-24,180.06451612903226
2016-10-25,180.06451612903226
2016-10-26,180.06451612903226
2016-10-27,180.06451612903226
2016-10-28,180.06451612903226
2016-10-29,180.06451612903226
2016-10-30,180.06451612903226
2016-10-31,180.06451612903226
2016-11-01,186.06666666666666
2016-11-02,186.06666666666666
2016-11-03,186.06666666666666
2016-11-04,186.06666666666666
2016-11-05,186.06666666666666
2016-11-06,186.06666666666666
2016-11-07,186.06666666666666
2016-11-08,186.06666666666666
2016-11-09,186.06666666666666
2016-11-10,186.06666666666666
2016-11-11,186.06666666666666
2016-11-12,186.06666666666666
2016-11-13,186.06666666666666
2016-11-14,186.06666666666666
2016-11-15,186.06666666666666
2016-11-16,186.06666666666666
2016-11-17,186.06666666666666
2016-11-18,186.06666666666666
2016-11-19,186.06666666666666
2016-11-20,186.06666666666666
2016-11-21,186.06666666666666
2016-11-22,186.06666666666666
2016-11-23,186.06666666666666
2016-11-24,186.06666666666666
2016-11-25,186.06666666666666
2016-11-26,186.06666666666666
2016-11-27,186.06666666666666
2016-11-28,186.06666666666666
2016-11-29,186.06666666666666
2016-11-30,186.06666666666666
2016-12-01,180.06451612903226
2016-12-02,180.06451612903226
2016-12-03,180.06451612903226
2016-12-04,180.06451612903226
2016-12-05,180.06451612903226
2016-12-06,180.06451612903226
2016-12-07,180.06451612903226
2016-12-08,180.06451612903226
2016-12-09,180.06451612903226
2016-12-10,180.06451612903226
2016-12-11,180.06451612903226
2016-12-12,180.06451612903226
2016-12-13,180.06451612903226
2016-12-14,180.06451612903226
2016-12-15,180.06451612903226
2016-12-16,180.06451612903226
2016-12-17,180.06451612903226
2016-12-18,180.06451612903226
2016-12-19,180.06451612903226
2016-12-20,180.06451612903226
2016-12-21,180.06451612903226
2016-12-22,180.06451612903226
2016-12-23,180.06451612903226
2016-12-24,180.06451612903226
2016-12-25,180.06451612903226
2016-12-26,180.06451612903226
2016-12-27,180.06451612903226
2016-12-28,180.06451612903226
2016-12-29,180.06451612903226
2016-12-30,180.06451612903226
2016-12-31,180.06451612903226
2017-01-01,193.38709677419354
2017-01-02,193.38709677419354
2017-01-03,193.38709677419354
2017-01-04,193.38709677419354
2017-01-05,193.38709677419354
2017-01-06,193.38709677419354
2017-01-07,193.38709677419354
2017-01-08,193.38709677419354
2017-01-09,193.38709677419354
2017-01-10,193.38709677419354
2017-01-11,193.38709677419354
2017-01-12,193.38709677419354
2017-01-13,193.38709677419354
2017-01-14,193.38709677419354
2017-01-15,193.38709677419354
2017-01-16,193.38709677419354
2017-01-17,193.38709677419354
2017-01-18,193.38709677419354
2017-01-19,193.38709677419354
2017-01-20,193.38709677419354
2017-01-21,193.38709677419354
2017-01-22,193.38709677419354
2017-01-23,193.38709677419354
2017-01-24,193.38709677419354
2017-01-25,193.38709677419354
2017-01-26,193.38709677419354
2017-01-27,193.38709677419354
2017-01-28,193.38709677419354
2017-01-29,193.38709677419354
2017-01-30,193.38709677419354
2017-01-31,193.38709677419354
2017-02-01,214.10714285714286
2017-02-02,214.10714285714286
2017-02-03,214.10714285714286
2017-02-04,214.10714285714286
2017-02-05,214.10714285714286
2017-02-06,214.10714285714286
2017-02-07,214.10714285714286
2017-02-08,214.10714285714286
2017-02-09,214.10714285714286
2017-02-10,214.10714285714286
2017-02-11,214.10714285714286
2017-02-12,214.10714285714286
2017-02-13,214.10714285714286
2017-02-14,214.10714285714286
2017-02-15,214.10714285714286
2017-02-16,214.10714285714286
2017-02-17,214.10714285714286
2017-02-18,214.10714285714286
2017-02-19,214.10714285714286
2017-02-20,214.10714285714286
2017-02-21,214.10714285714286
2017-02-22,214.10714285714286
2017-02-23,214.10714285714286
2017-02-24,214.10714285714286
2017-02-25,214.10714285714286
2017-02-26,214.10714285714286
2017-02-27,214.10714285714286
2017-02-28,214.10714285714286
2017-03-01,193.38709677419354
2017-03-02,193.38709677419354
2017-03-03,193.38709677419354
2017-03-04,193.38709677419354
2017-03-05,193.38709677419354
2017-03-06,193.38709677419354
2017-03-07,193.38709677419354
2017-03-08,193.38709677419354
2017-03-09,193.38709677419354
2017-03-10,193.38709677419354
2017-03-11,193.38709677419354
2017-03-12,193.38709677419354
2017-03-13,193.38709677419354
2017-03-14,193.38709677419354
2017-03-15,193.38709677419354
2017-03-16,193.38709677419354
2017-03-17,193.38709677419354
2017-03-18,193.38709677419354
2017-03-19,193.38709677419354
2017-03-20,193.38709677419354
2017-03-21,193.38709677419354
2017-03-22,193.38709677419354
2017-03-23,193.38709677419354
2017-03-24,193.38709677419354
2017-03-25,193.38709677419354
2017-03-26,193.38709677419354
2017-03-27,193.38709677419354
2017-03-28,193.38709677419354
2017-03-29,193.38709677419354
2017-03-30,193.38709677419354
2017-03-31,193.38709677419354
2017-04-01,199.83333333333334
2017-04-02,199.83333333333334
2017-04-03,199.83333333333334
2017-04-04,199.83333333333334
2017-04-05,199.83333333333334
2017-04-06,199.83333333333334
2017-04-07,199.83333333333334
2017-04-08,199.83333333333334
2017-04-09,199.83333333333334
2017-04-10,199.83333333333334
2017-04-11,199.83333333333334
2017-04-12,199.83333333333334
2017-04-13,199.83333333333334
2017-04-14,199.83333333333334
2017-04-15,199.83333333333334
2017-04-16,199.83333333333334
2017-04-17,199.83333333333334
2017-04-18,199.83333333333334
2017-04-19,199.83333333333334
2017-04-20,199.83333333333334
2017-04-21,199.83333333333334
2017-04-22,199.83333333333334
2017-04-23,199.83333333333334
2017-04-24,199.83333333333334
2017-04-25,199.83333333333334
2017-04-26,199.83333333333334
2017-04-27,199.83333333333334
2017-04-28,199.83333333333334
2017-04-29,199.83333333333334
2017-04-30,199.83333333333334
2017-05-01,193.38709677419354
2017-05-02,193.38709677419354
2017-05-03,193.38709677419354
2017-05-04,193.38709677419354
2017-05-05,193.38709677419354
2017-05-06,193.38709677419354
2017-05-07,193.38709677419354
2017-05-08,193.38709677419354
2017-05-09,193.38709677419354
2017-05-10,193.38709677419354
2017-05-11,193.38709677419354
2017-05-12,193.38709677419354
2017-05-13,193.38709677419354
2017-05-14,193.38709677419354
2017-05-15,193.38709677419354
2017-05-16,193.38709677419354
2017-05-17,193.38709677419354
2017-05-18,193.38709677419354
2017-05-19,193.38709677419354
2017-05-20,193.38709677419354
2017-05-21,193.38709677419354
2017-05-22,193.38709677419354
2017-05-23,193.38709677419354
2017-05-24,193.38709677419354
2017-05-25,193.38709677419354
2017-05-26,193.38709677419354
2017-05-27,193.38709677419354
2017-05-28,193.38709677419354
2017-05-29,193.38709677419354
2017-05-30,193.38709677419354
2017-05-31,193.38709677419354
2017-06-01,199.83333333333334
2017-06-02,199.83333333333334
2017-06-03,199.83333333333334
2017-06-04,199.83333333333334
2017-06-05,199.83333333333334
2017-06-06,199.83333333333334
2017-06-07,199.83333333333334
2017-06-08,199.83333333333334
2017-06-09,199.83333333333334
2017-06-10,199.83333333333334
2017-06-11,199.83333333333334
2017-06-12,199.83333333333334
2017-06-13,199.83333333333334
2017-06-14,199.83333333333334
2017-06-15,199.83333333333334
2017-06-16,199.83333333333334
2017-06-17,199.83333333333334
2017-06-18,199.83333333333334
2017-06-19,199.83333333333334
2017-06-20,199.83333333333334
2017-06-21,199.83333333333334
2017-06-22,199.83333333333334
2017-06-23,199.83333333333334
2017-06-24,199.83333333333334
2017-06-25,199.83333333333334
2017-06-26,199.83333333333334
2017-06-27,199.83333333333334
2017-06-28,199.83333333333334
2017-06-29,199.83333333333334
2017-06-30,199.83333333333334
2017-07-01,193.38709677419354
2017-07-02,193.38709677419354
2017-07-03,193.38709677419354
2017-07-04,193.38709677419354
2017-07-05,193.38709677419354
2017-07-06,193.38709677419354
2017-07-07,193.38709677419354
2017-07-08,193.38709677419354
2017-07-09,193.38709677419354
2017-07-10,193.38709677419354
2017-07-11,193.38709677419354
2017-07-12,193.38709677419354
2017-07-13,193.38709677419354
2017-07-14,193.38709677419354
2017-07-15,193.38709677419354
2017-07-16,193.38709677419354
2017-07-17,193.38709677419354
2017-07-18,193.38709677419354
2017-07-19,193.38709677419354
2017-07-20,193.38709677419354
2017-07-21,193.38709677419354
2017-07-22,193.38709677419354
2017-07-23,193.38709677419354
2017-07-24,193.38709677419354
2017-07-25,193.38709677419354
2017-07-26,193.38709677419354
2017-07-27,193.38709677419354
2017-07-28,193.38709677419354
2017-07-29,193.38709677419354
2017-07-30,193.38709677419354
2017-07-31,193.38709677419354
2017-08-01,193.38709677419354
2017-08-02,193.38709677419354
2017-08-03,193.38709677419354
2017-08-04,193.38709677419354
2017-08-05,193.38709677419354
2017-08-06,193.38709677419354
2017-08-07,193.38709677419354
2017-08-08,193.38709677419354
2017-08-09,193.38709677419354
2017-08-10,193.38709677419354
2017-08-11,193.38709677419354
2017-08-12,193.38709677419354
2017-08-13,193.38709677419354
2017-08-14,193.38709677419354
2017-08-15,193.38709677419354
2017-08-16,193.38709677419354
2017-08-17,193.38709677419354
2017-08-18,193.38709677419354
2017-08-19,193.38709677419354
2017-08-20,193.38709677419354
2017-08-21,193.38709677419354
2017-08-22,193.38709677419354
2017-08-23,193.38709677419354
2017-08-24,193.38709677419354
2017-08-25,193.38709677419354
2017-08-26,193.38709677419354
2017-08-27,193.38709677419354
2017-08-28,193.38709677419354
2017-08-29,193.38709677419354
2017-08-30,193.38709677419354
2017-08-31,193.38709677419354
2017-09-01,199.83333333333334
2017-09-02,199.83333333333334
2017-09-03,199.83333333333334
2017-09-04,199.83333333333334
2017-09-05,199.83333333333334
2017-09-06,199.83333333333334
2017-09-07,199.83333333333334
2017-09-08,199.83333333333334
2017-09-09,199.83333333333334
2017-09-10,199.83333333333334
2017-09-11,199.83333333333334
2017-09-12,199.83333333333334
2017-09-13,199.83333333333334
2017-09-14,199.83333333333334
2017-09-15,199.83333333333334
2017-09-16,199.83333333333334
2017-09-17,199.83333333333334
2017-09-18,199.83333333333334
2017-09-19,199.83333333333334
2017-09-20,199.83333333333334
2017-09-21,199.83333333333334
2017-09-22,199.83333333333334
2017-09-23,199.83333333333334
2017-09-24,199.83333333333334
2017-09-25,199.83333333333334
2017-09-26,199.83333333333334
2017-09-27,199.83333333333334
2017-09-28,199.83333333333334
2017-09-29,199.83333333333334
2017-09-30,199.83333333333334
2017-10-01,193.38709677419354
2017-10-02,193.38709677419354
2017-10-03,193.38709677419354
2017-10-04,193.38709677419354
2017-10-05,193.38709677419354
2017-10-06,193.38709677419354
2017-10-07,193.38709677419354
2017-10-08,193.38709677419354
2017-10-09,193.38709677419354
2017-10-10,193.38709677419354
2017-10-11,193.38709677419354
2017-10-12,193.38709677419354
2017-10-13,193.38709677419354
2017-10-14,193.38709677419354
2017-10-15,193.38709677419354
2017-10-16,193.38709677419354
2017-10-17,193.38709677419354
2017-10-18,193.38709677419354
2017-10-19,193.38709677419354
2017-10-20,193.38709677419354
2017-10-21,193.38709677419354
2017-10-22,193.38709677419354
2017-10-23,193.38709677419354
2017-10-24,193.38709677419354
2017-10-25,193.38709677419354
2017-10-26,193.38709677419354
2017-10-27,193.38709677419354
2017-10-28,193.38709677419354
2017-10-29,193.38709677419354
2017-10-30,193.38709677419354
2017-10-31,193.38709677419354
2017-11-01,199.83333333333334
2017-11-02,199.83333333333334
2017-11-03,199.83333333333334
2017-11-04,199.83333333333334
2017-11-05,199.83333333333334
2017-11-06,199.83333333333334
2017-11-07,199.83333333333334
2017-11-08,199.83333333333334
2017-11-09,199.83333333333334
2017-11-10,199.83333333333334
2017-11-11,199.83333333333334
2017-11-12,199.83333333333334
2017-11-13,199.83333333333334
2017-11-14,199.83333333333334
2017-11-15,199.83333333333334
2017-11-16,199.83333333333334
2017-11-17,199.83333333333334
2017-11-18,199.83333333333334
2017-11-19,199.83333333333334
2017-11-20,199.83333333333334
2017-11-21,199.83333333333334
2017-11-22,199.83333333333334
2017-11-23,199.83333333333334
2017-11-24,199.83333333333334
2017-11-25,199.83333333333334
2017-11-26,199.83333333333334
2017-11-27,199.83333333333334
2017-11-28,199.83333333333334
2017-11-29,199.83333333333334
2017-11-30,199.83333333333334
2017-12-01,193.38709677419354
2017-12-02,193.38709677419354
2017-12-03,193.38709677419354
2017-12-04,193.38709677419354
2017-12-05,193.38709677419354
2017-12-06,193.38709677419354
2017-12-07,193.38709677419354
2017-12-08,193.38709677419354
2017-12-09,193.38709677419354
2017-12-10,193.38709677419354
2017-12-11,193.38709677419354
2017-12-12,193.38709677419354
2017-12-13,193.38709677419354
2017-12-14,193.38709677419354
2017-12-15,193.38709677419354
2017-12-16,193.38709677419354
2017-12-17,193.38709677419354
2017-12-18,193.38709677419354
2017-12-19,193.38709677419354
2017-12-20,193.38709677419354
2017-12-21,193.38709677419354
2017-12-22,193.38709677419354
2017-12-23,193.38709677419354
2017-12-24,193.38709677419354
2017-12-25,193.38709677419354
2017-12-26,193.38709677419354
2017-12-27,193.38709677419354
2017-12-28,193.38709677419354
2017-12-29,193.38709677419354
2017-12-30,193.38709677419354
2017-12-31,193.38709677419354
2018-01-01,198.80645161290323
2018-01-02,198.80645161290323
2018-01-03,198.80645161290323
2018-01-04,198.80645161290323
2018-01-05,198.80645161290323
2018-01-06,198.80645161290323
2018-01-07,198.80645161290323
2018-01-08,198.80645161290323
2018-01-09,198.80645161290323
2018-01-10,198.80645161290323
2018-01-11,198.80645161290323
2018-01-12,198.80645161290323
2018-01-13,198.80645161290323
2018-01-14,198.80645161290323
2018-01-15,198.80645161290323
2018-01-16,198.80645161290323
2018-01-17,198.80645161290323
2018-01-18,198.80645161290323
2018-01-19,198.80645161290323
2018-01-20,198.80645161290323
2018-01-21,198.80645161290323
2018-01-22,198.80645161290323
2018-01-23,198.80645161290323
2018-01-24,198.80645161290323
2018-01-25,198.80645161290323
2018-01-26,198.80645161290323
2018-01-27,198.80645161290323
2018-01-28,198.80645161290323
2018-01-29,198.80645161290323
2018-01-30,198.80645161290323
2018-01-31,198.80645161290323
2018-02-01,220.10714285714286
2018-02-02,220.10714285714286
2018-02-03,220.10714285714286
2018-02-04,220.10714285714286
2018-02-05,220.10714285714286
2018-02-06,220.10714285714286
2018-02-07,220.10714285714286
2018-02-08,220.10714285714286
2018-02-09,220.10714285714286
2018-02-10,220.10714285714286
2018-02-11,220.10714285714286
2018-02-12,220.10714285714286
2018-02-13,220.10714285714286
2018-02-14,220.10714285714286
2018-02-15,220.10714285714286
2018-02-16,220.10714285714286
2018-02-17,220.10714285714286
2018-02-18,220.10714285714286
2018-02-19,220.10714285714286
2018-02-20,220.10714285714286
2018-02-21,220.10714285714286
2018-02-22,220.10714285714286
2018-02-23,220.10714285714286
2018-02-24,220.10714285714286
2018-02-25,220.10714285714286
2018-02-26,220.10714285714286
2018-02-27,220.10714285714286
2018-02-28,220.10714285714286
2018-03-01,198.80645161290323
2018-03-02,198.80645161290323
2018-03-03,198.80645161290323
2018-03-04,198.80645161290323
2018-03-05,198.80645161290323
2018-03-06,198.80645161290323
2018-03-07,198.80645161290323
2018-03-08,198.80645161290323
2018-03-09,198.80645161290323
2018-03-10,198.80645161290323
2018-03-11,198.80645161290323
2018-03-12,198.80645161290323
2018-03-13,198.80645161290323
2018-03-14,198.80645161290323
2018-03-15,198.80645161290323
2018-03-16,198.80645161290323
2018-03-17,198.80645161290323
2018-03-18,198.80645161290323
2018-03-19,198.80645161290323
2018-03-20,198.80645161290323
2018-03-21,198.80645161290323
2018-03-22,198.80645161290323
2018-03-23,198.80645161290323
2018-03-24,198.80645161290323
2018-03-25,198.80645161290323
2018-03-26,198.80645161290323
2018-03-27,198.80645161290323
2018-03-28,198.80645161290323
2018-03-29,198.80645161290323
2018-03-30,198.80645161290323
2018-03-31,198.80645161290323
2018-04-01,205.43333333333334
2018-04-02,205.43333333333334
2018-04-03,205.43333333333334
2018-04-04,205.43333333333334
2018-04-05,205.43333333333334
2018-04-06,205.43333333333334
2018-04-07,205.43333333333334
2018-04-08,205.43333333333334
2018-04-09,205.43333333333334
2018-04-10,205.43333333333334
2018-04-11,205.43333333333334
2018-04-12,205.43333333333334
2018-04-13,205.43333333333334
2018-04-14,205.43333333333334
2018-04-15,205.43333333333334
2018-04-16,205.43333333333334
2018-04-17,205.43333333333334
2018-04-18,205.43333333333334
2018-04-19,205.43333333333334
2018-04-20,205.43333333333334
2018-04-21,205.43333333333334
2018-04-22,205.43333333333334
2018-04-23,205.43333333333334
2018-04-24,205.43333333333334
2018-04-25,205.43333333333334
2018-04-26,205.43333333333334
2018-04-27,205.43333333333334
2018-04-28,205.43333333333334
2018-04-29,205.43333333333334
2018-04-30,205.43333333333334
2018-05-01,198.80645161290323
2018-05-02,198.80645161290323
2018-05-03,198.80645161290323
2018-05-04,198.80645161290323
2018-05-05,198.80645161290323
2018-05-06,198.80645161290323
2018-05-07,198.80645161290323
2018-05-08,198.80645161290323
2018-05-09,198.80645161290323
2018-05-10,198.80645161290323
2018-05-11,198.80645161290323
2018-05-12,198.80645161290323
2018-05-13,198.80645161290323
2018-05-14,198.80645161290323
2018-05-15,198.80645161290323
2018-05-16,198.80645161290323
2018-05-17,198.80645161290323
2018-05-18,198.80645161290323
2018-05-19,198.80645161290323
2018-05-20,198.80645161290323
2018-05-21,198.80645161290323
2018-05-22,198.80645161290323
2018-05-23,198.80645161290323
2018-05-24,198.80645161290323
2018-05-25,198.80645161290323
2018-05-26,198.80645161290323
2018-05-27,198.80645161290323
2018-05-28,198.80645161290323
2018-05-29,198.80645161290323
2018-05-30,198.80645161290323
2018-05-31,198.80645161290323
2018-06-01,205.43333333333334
2018-06-02,205.43333333333334
2018-06-03,205.43333333333334
2018-06-04,205.43333333333334
2018-06-05,205.43333333333334
2018-06-06,205.43333333333334
2018-06-07,205.43333333333334
2018-06-08,205.43333333333334
2018-06-09,205.43333333333334
2018-06-10,205.43333333333334
2018-06-11,205.43333333333334
2018-06-12,205.43333333333334
2018-06-13,205.43333333333334
2018-06-14,205.43333333333334
2018-06-15,205.43333333333334
2018-06-16,205.43333333333334
2018-06-17,205.43333333333334
2018-06-18,205.43333333333334
2018-06-19,205.43333333333334
2018-06-20,205.43333333333334
2018-06-21,205.43333333333334
2018-06-22,205.43333333333334
2018-06-23,205.43333333333334
2018-06-24,205.43333333333334
2018-06-25,205.43333333333334
2018-06-26,205.43333333333334
2018-06-27,205.43333333333334
2018-06-28,205.43333333333334
2018-06-29,205.43333333333334
2018-06-30,205.43333333333334
2018-07-01,198.80645161290323
2018-07-02,198.80645161290323
2018-07-03,198.80645161290323
2018-07-04,198.80645161290323
2018-07-05,198.80645161290323
2018-07-06,198.80645161290323
2018-07-07,198.80645161290323
2018-07-08,198.80645161290323
2018-07-09,198.80645161290323
2018-07-10,198.80645161290323
2018-07-11,198.80645161290323
2018-07-12,198.80645161290323
2018-07-13,198.80645161290323
2018-07-14,198.80645161290323
2018-07-15,198.80645161290323
2018-07-16,198.80645161290323
2018-07-17,198.80645161290323
2018-07-18,198.80645161290323
2018-07-19,198.80645161290323
2018-07-20,198.80645161290323
2018-07-21,198.80645161290323
2018-07-22,198.80645161290323
2018-07-23,198.80645161290323
2018-07-24,198.80645161290323
2018-07-25,198.80645161290323
2018-07-26,198.80645161290323
2018-07-27,198.80645161290323
2018-07-28,198.80645161290323
2018-07-29,198.80645161290323
2018-07-30,198.80645161290323
2018-07-31,198.80645161290323
2018-08-01,198.80645161290323
2018-08-02,198.80645161290323
2018-08-03,198.80645161290323
2018-08-04,198.80645161290323
2018-08-05,198.80645161290323
2018-08-06,198.80645161290323
2018-08-07,198.80645161290323
2018-08-08,198.80645161290323
2018-08-09,198.80645161290323
2018-08-10,198.80645161290323
2018-08-11,198.80645161290323
2018-08-12,198.80645161290323
2018-08-13,198.80645161290323
2018-08-14,198.80645161290323
2018-08-15,198.80645161290323
2018-08-16,198.80645161290323
2018-08-17,198.80645161290323
2018-08-18,198.80645161290323
2018-08-19,198.80645161290323
2018-08-20,198.80645161290323
2018-08-21,198.80645161290323
2018-08-22,198.80645161290323
2018-08-23,198.80645161290323
2018-08-24,198.80645161290323
2018-08-25,198.80645161290323
2018-08-26,198.80645161290323
2018-08-27,198.80645161290323
2018-08-28,198.80645161290323
2018-08-29,198.80645161290323
2018-08-30,198.80645161290323
2018-08-31,198.80645161290323
2018-09-01,205.43333333333334
2018-09-02,205.43333333333334
2018-09-03,205.43333333333334
2018-09-04,205.43333333333334
2018-09-05,205.43333333333334
2018-09-06,205.43333333333334
2018-09-07,205.43333333333334
2018-09-08,205.43333333333334
2018-09-09,205.43333333333334
2018-09-10,205.43333333333334
2018-09-11,205.43333333333334
2018-09-12,205.43333333333334
2018-09-13,205.43333333333334
2018-09-14,205.43333333333334
2018-09-15,205.43333333333334
2018-09-16,205.43333333333334
2018-09-17,205.43333333333334
2018-09-18,205.43333333333334
2018-09-19,205.43333333333334
2018-09-20,205.43333333333334
2018-09-21,205.43333333333334
2018-09-22,205.43333333333334
2018-09-23,205.43333333333334
2018-09-24,205.43333333333334
2018-09-25,205.43333333333334
2018-09-26,205.43333333333334
2018-09-27,205.43333333333334
2018-09-28,205.43333333333334
2018-09-29,205.43333333333334
2018-09-30,205.43333333333334
2018-10-01,198.80645161290323
2018-10-02,198.80645161290323
2018-10-03,198.80645161290323
2018-10-04,198.80645161290323
2018-10-05,198.80645161290323
2018-10-06,198.80645161290323
2018-10-07,198.80645161290323
2018-10-08,198.80645161290323
2018-10-09,198.80645161290323
2018-10-10,198.80645161290323
2018-10-11,198.80645161290323
2018-10-12,198.80645161290323
2018-10-13,198.80645161290323
2018-10-14,198.80645161290323
2018-10-15,198.80645161290323
2018-10-16,198.80645161290323
2018-10-17,198.80645161290323
2018-10-18,198.80645161290323
2018-10-19,198.80645161290323
2018-10-20,198.80645161290323
2018-10-21,198.80645161290323
2018-10-22,198.80645161290323
2018-10-23,198.80645161290323
2018-10-24,198.80645161290323
2018-10-25,198.80645161290323
2018-10-26,198.80645161290323
2018-10-27,198.80645161290323
2018-10-28,198.80645161290323
2018-10-29,198.80645161290323
2018-10-30,198.80645161290323
2018-10-31,198.80645161290323
2018-11-01,205.43333333333334
2018-11-02,205.43333333333334
2018-11-03,205.43333333333334
2018-11-04,205.43333333333334
2018-11-05,205.43333333333334
2018-11-06,205.43333333333334
2018-11-07,205.43333333333334
2018-11-08,205.43333333333334
2018-11-09,205.43333333333334
2018-11-10,205.43333333333334
2018-11-11,205.43333333333334
2018-11-12,205.43333333333334
2018-11-13,205.43333333333334
2018-11-14,205.43333333333334
2018-11-15,205.43333333333334
2018-11-16,205.43333333333334
2018-11-17,205.43333333333334
2018-11-18,205.43333333333334
2018-11-19,205.43333333333334
2018-11-20,205.43333333333334
2018-11-21,205.43333333333334
2018-11-22,205.43333333333334
2018-11-23,205.43333333333334
2018-11-24,205.43333333333334
2018-11-25,205.43333333333334
2018-11-26,205.43333333333334
2018-11-27,205.43333333333334
2018-11-28,205.43333333333334
2018-11-29,205.43333333333334
2018-11-30,205.43333333333334
2018-12-01,198.80645161290323
2018-12-02,198.80645161290323
2018-12-03,198.80645161290323
2018-12-04,198.80645161290323
2018-12-05,198.80645161290323
2018-12-06,198.80645161290323
2018-12-07,198.80645161290323
2018-12-08,198.80645161290323
2018-12-09,198.80645161290323
2018-12-10,198.80645161290323
2018-12-11,198.80645161290323
2018-12-12,198.80645161290323
2018-12-13,198.80645161290323
2018-12-14,198.80645161290323
2018-12-15,198.80645161290323
2018-12-16,198.80645161290323
2018-12-17,198.80645161290323
2018-12-18,198.80645161290323
2018-12-19,198.80645161290323
2018-12-20,198.80645161290323
2018-12-21,198.80645161290323
2018-12-22,198.80645161290323
2018-12-23,198.80645161290323
2018-12-24,198.80645161290323
2018-12-25,198.80645161290323
2018-12-26,198.80645161290323
2018-12-27,198.80645161290323
2018-12-28,198.80645161290323
2018-12-29,198.80645161290323
2018-12-30,198.80645161290323
2018-12-31,198.80645161290323
