¡ˆ¡°,¿œΩ√,∆Ú±’±‚ø¬(°∆C),√÷¥Î «≥º”(m/s),√÷¥Î «≥º” «≥«‚(16πÊ¿ß),∆Ú±’ ªÛ¥ÎΩ¿µµ(%)
112,2016-01-01,3.1,5.3,200,83.9
112,2016-01-02,7.4,4.5,180,93.1
112,2016-01-03,5.9,2.6,340,98
112,2016-01-04,2.2,7,340,72.9
112,2016-01-05,-1.9,6,20,46.3
112,2016-01-06,-.3,6.1,360,64.9
112,2016-01-07,-2.1,6,340,61.6
112,2016-01-08,-1.9,4.9,340,64.1
112,2016-01-09,-.6,5.1,270,70.5
112,2016-01-10,1.3,5.7,20,53.6
112,2016-01-11,-3.5,5.9,340,52.4
112,2016-01-12,-4.3,6.9,340,59.3
112,2016-01-13,-3.4,7.4,340,74.3
112,2016-01-14,-2.3,4.7,20,65.6
112,2016-01-15,1,4.6,50,61.1
112,2016-01-16,2.2,4.8,140,77.1
112,2016-01-17,2.5,4.7,90,79.6
112,2016-01-18,-5.9,13,340,73.5
112,2016-01-19,-11.2,11.7,340,61.4
112,2016-01-20,-9.4,5.3,360,59.9
112,2016-01-21,-6.5,6.9,340,61
112,2016-01-22,-6.5,6.3,340,49.8
112,2016-01-23,-10.6,11.1,340,57
112,2016-01-24,-13.1,8.4,360,60.1
112,2016-01-25,-7.6,5.6,360,61.5
112,2016-01-26,-1.1,5.3,270,80.5
112,2016-01-27,-.2,5.9,270,71.9
112,2016-01-28,.6,5.6,50,63.3
112,2016-01-29,1.5,5.7,50,55
112,2016-01-30,-.1,5.4,340,77
112,2016-01-31,-3.9,6.4,340,52.8
112,2016-02-01,-5.4,6.9,340,47.1
112,2016-02-02,-4.2,5,340,51.4
112,2016-02-03,-.9,4.5,340,58.8
112,2016-02-04,.3,6.7,340,67.8
112,2016-02-05,-1.3,5.5,340,56.4
112,2016-02-06,-2.5,6,360,53.4
112,2016-02-07,-1.8,3.7,20,61.6
112,2016-02-08,1.9,10.1,340,82.5
112,2016-02-09,1.6,8.3,340,64.9
112,2016-02-10,3.4,4,250,51.5
112,2016-02-11,9.3,6.4,160,42.9
112,2016-02-12,9.7,7.7,160,98
112,2016-02-13,11,7.3,320,98
112,2016-02-14,-2.5,9.2,340,80.4
112,2016-02-15,-5.3,8.4,340,61.8
112,2016-02-16,-1.2,8.1,270,77.8
112,2016-02-17,1.5,5.1,320,68.5
112,2016-02-18,3.9,7.3,230,89.4
112,2016-02-19,2.6,4,290,71.4
112,2016-02-20,1.5,9.1,340,54.1
112,2016-02-21,.3,6.2,290,47
112,2016-02-22,1.6,3.9,250,46.9
112,2016-02-23,.8,7.9,340,69.9
112,2016-02-24,-2.5,5.9,20,55.4
112,2016-02-25,1,8.2,270,69.4
112,2016-02-26,2.4,5,200,63
112,2016-02-27,3.2,5,180,84.4
112,2016-02-28,1.2,9.1,20,79.6
112,2016-02-29,-2.6,9.6,340,56
112,2016-03-01,-1.4,6.4,340,59.8
112,2016-03-02,3.5,7.5,250,91
112,2016-03-03,8.3,5.5,180,83.9
112,2016-03-04,13.5,6.9,180,75.8
112,2016-03-05,11,9.1,160,97.6
112,2016-03-06,6.7,6.1,340,72.6
112,2016-03-07,7.4,4.3,70,60.4
112,2016-03-08,2.6,7.2,20,53.6
112,2016-03-09,0,8.2,340,49.4
112,2016-03-10,-.3,9.1,340,48.3
112,2016-03-11,.1,6.7,360,55.5
112,2016-03-12,2.6,6.5,250,75.9
112,2016-03-13,3.8,4.1,340,84.8
112,2016-03-14,4.8,6.1,340,70.4
112,2016-03-15,5,4.6,290,62.4
112,2016-03-16,6.9,3.9,270,71.1
112,2016-03-17,8.6,3.7,290,59.4
112,2016-03-18,12,5.4,340,70.5
112,2016-03-19,9.9,5.9,20,76.8
112,2016-03-20,8.4,4.4,270,79.3
112,2016-03-21,7.5,4.6,250,84
112,2016-03-22,6.1,4.8,250,90.9
112,2016-03-23,7.2,8.9,340,63.9
112,2016-03-24,6.1,6.2,20,47.6
112,2016-03-25,6.2,5.1,270,69.5
112,2016-03-26,6.1,5.8,270,79.1
112,2016-03-27,6.4,5.5,270,81.1
112,2016-03-28,8.7,4.7,230,71.1
112,2016-03-29,10.2,7.7,230,83.9
112,2016-03-30,8.8,4.7,290,81.1
112,2016-03-31,12.6,3.2,340,45.5
112,2016-04-01,13.5,5.3,270,41.9
112,2016-04-02,13.4,5.2,340,62
112,2016-04-03,10.7,8.5,20,81.3
112,2016-04-04,11.2,5.6,270,58.1
112,2016-04-05,9.4,5.4,250,75.4
112,2016-04-06,13.4,5.5,250,60.8
112,2016-04-07,13,6.7,290,83
112,2016-04-08,8.1,5.8,290,97
112,2016-04-09,9.7,5.3,200,98
112,2016-04-10,11.2,5.4,290,92.5
112,2016-04-11,11.3,6.3,50,64.9
112,2016-04-12,13.3,5.4,180,64.8
112,2016-04-13,14.1,4.4,250,92.5
112,2016-04-14,8.8,5.4,250,98
112,2016-04-15,12.9,5.5,200,71.9
112,2016-04-16,15.3,8.9,160,74.3
112,2016-04-17,10.3,14.2,340,89.9
112,2016-04-18,10.2,8.6,270,88
112,2016-04-19,10.7,6.9,290,84.5
112,2016-04-20,13.6,7.3,230,77.5
112,2016-04-21,13.2,5.4,140,98
112,2016-04-22,11.6,6.5,200,98
112,2016-04-23,12.1,3.9,270,75.6
112,2016-04-24,14.8,4.6,110,56.1
112,2016-04-25,15.5,4.6,270,52.6
112,2016-04-26,19.8,5.3,20,52.6
112,2016-04-27,17.2,6,90,46.1
112,2016-04-28,14.8,4.8,250,59.6
112,2016-04-29,14,4.7,270,82.5
112,2016-04-30,14.9,7.5,230,67.1
112,2016-05-01,17.7,5.7,180,59.3
112,2016-05-02,20.4,7.8,160,81.1
112,2016-05-03,13.1,13.4,270,96.8
112,2016-05-04,15.3,12.9,270,61.4
112,2016-05-05,18,5,180,64.4
112,2016-05-06,14.8,7,180,98
112,2016-05-07,15.2,5.8,270,80.8
112,2016-05-08,18.3,5.2,180,65.9
112,2016-05-09,18.3,6.3,340,73.1
112,2016-05-10,14.1,6.1,70,96.3
112,2016-05-11,15.3,5.6,270,83.4
112,2016-05-12,15.9,6,200,90.6
112,2016-05-13,17.3,6.5,360,68.9
112,2016-05-14,19.1,5.7,180,63
112,2016-05-15,16.5,8.3,270,87.8
112,2016-05-16,14.7,6.2,270,79.1
112,2016-05-17,17.6,3.9,270,72.4
112,2016-05-18,20.9,4.1,360,58.1
112,2016-05-19,23.5,5.6,340,50.6
112,2016-05-20,22.2,4.5,290,62.9
112,2016-05-21,24.1,4.3,140,36
112,2016-05-22,23.3,4.2,270,43.5
112,2016-05-23,20.9,5.9,340,67.6
112,2016-05-24,15.7,6.6,180,98
112,2016-05-25,18.4,5.6,180,94.8
112,2016-05-26,18,4,230,96.9
112,2016-05-27,19.5,4.8,340,89.6
112,2016-05-28,19.2,5.3,270,80.4
112,2016-05-29,19.6,4.3,290,86.3
112,2016-05-30,20.5,4.8,250,85.5
112,2016-05-31,19.4,4.9,230,93.1
112,2016-06-01,22.4,5.5,90,66.3
112,2016-06-02,21.8,4.5,270,66.6
112,2016-06-03,20.4,4.2,230,71.8
112,2016-06-04,20.3,4.4,340,83.1
112,2016-06-05,23.1,4.3,320,69
112,2016-06-06,22,5.5,180,72
112,2016-06-07,20.9,5.6,290,91.8
112,2016-06-08,19.5,4.8,250,97.3
112,2016-06-09,21.6,5,250,85.6
112,2016-06-10,21.9,5.3,290,88.9
112,2016-06-11,22.3,4.5,250,95.6
112,2016-06-12,21.6,4.6,290,98
112,2016-06-13,20.7,4.6,270,95.6
112,2016-06-14,21.5,4.9,270,91.8
112,2016-06-15,19.7,7,180,96.1
112,2016-06-16,19.9,5.4,270,97.5
112,2016-06-17,22.2,6.2,200,89.4
112,2016-06-18,21.8,4.5,340,93.1
112,2016-06-19,22.8,4.5,290,93
112,2016-06-20,23.1,4.3,340,92.5
112,2016-06-21,23.9,4.3,250,93.3
112,2016-06-22,23.9,6.3,360,95.1
112,2016-06-23,23.4,5,340,95.1
112,2016-06-24,22.5,5.5,320,93.4
112,2016-06-25,22.4,5.4,270,86
112,2016-06-26,23.2,5.5,270,87
112,2016-06-27,23.4,4.5,340,81.5
112,2016-06-28,22.8,3.6,250,91.3
112,2016-06-29,23.8,4.5,270,88
112,2016-06-30,23,6,200,98
112,2016-07-01,23.5,6.2,200,98
112,2016-07-02,22.6,4.6,250,97.3
112,2016-07-03,22.4,3.8,270,95.9
112,2016-07-04,22.2,6.9,110,97
112,2016-07-05,22.6,8.4,180,98
112,2016-07-06,21.4,3.7,270,97.5
112,2016-07-07,23.1,3.7,230,91
112,2016-07-08,25.7,5.4,340,90.5
112,2016-07-09,26.2,5.1,340,89.1
112,2016-07-10,25.7,4.4,340,92.5
112,2016-07-11,26.5,4.3,270,89
112,2016-07-12,25,4.3,270,86.3
112,2016-07-13,24.7,4.1,270,97
112,2016-07-14,25.9,5.6,270,90.5
112,2016-07-15,25.7,5.2,110,78.5
112,2016-07-16,21,7.8,180,98
112,2016-07-17,21.1,7.5,230,98
112,2016-07-18,23.1,4.8,340,97.1
112,2016-07-19,26.2,3.7,340,90
112,2016-07-20,28.1,4.6,140,89.6
112,2016-07-21,28,4.3,160,86.5
112,2016-07-22,28.5,5.4,270,89.3
112,2016-07-23,27.7,5.6,180,95
112,2016-07-24,27,4.4,200,98
112,2016-07-25,27,4,250,98
112,2016-07-26,27,5.1,180,98
112,2016-07-27,26.7,6.4,230,98
112,2016-07-28,26.2,5.7,200,97.4
112,2016-07-29,25.6,6.4,180,98
112,2016-07-30,27,4.1,230,94.3
112,2016-07-31,27.7,5.2,270,97
112,2016-08-01,26.9,4.3,340,98
112,2016-08-02,26.9,4.1,110,97.9
112,2016-08-03,28.2,4.1,340,89
112,2016-08-04,29,4.6,340,93.1
112,2016-08-05,29.4,4.3,340,93.3
112,2016-08-06,29.2,4.2,340,89.9
112,2016-08-07,28.7,5.1,340,83.6
112,2016-08-08,28.9,5.8,340,92.3
112,2016-08-09,29.2,4.4,270,89
112,2016-08-10,28.1,4,250,89.9
112,2016-08-11,29,4.8,340,90.4
112,2016-08-12,29,4.4,270,92.1
112,2016-08-13,28.9,4.6,250,96.4
112,2016-08-14,28.4,4.7,340,98
112,2016-08-15,28,5.4,340,89.1
112,2016-08-16,28.4,4.8,270,91.9
112,2016-08-17,28.9,4.9,340,89.3
112,2016-08-18,28.9,4.5,340,85.3
112,2016-08-19,29.2,4.5,340,88.8
112,2016-08-20,29.4,5.1,340,86.3
112,2016-08-21,29.8,4.7,340,76.4
112,2016-08-22,29,5.3,340,87.5
112,2016-08-23,28.9,4.1,270,85.8
112,2016-08-24,28.2,3.9,340,82.6
112,2016-08-25,27,6.6,320,90
112,2016-08-26,23.2,9.1,90,67.8
112,2016-08-27,23.8,7.7,110,51.5
112,2016-08-28,22.2,7.5,70,69.5
112,2016-08-29,22.8,6.2,20,65.5
112,2016-08-30,21.4,9.1,340,75.1
112,2016-08-31,19,9.5,290,96.6
112,2016-09-01,23.7,7.9,230,91.8
112,2016-09-02,24.1,8.2,180,84.3
112,2016-09-03,24.3,5.9,140,90.9
112,2016-09-04,24.8,4.5,360,94.4
112,2016-09-05,25.3,4.8,340,90.9
112,2016-09-06,24,3.6,270,94.9
112,2016-09-07,23.6,3.9,290,91.5
112,2016-09-08,23.4,4,270,94.6
112,2016-09-09,23.8,4.6,340,90.8
112,2016-09-10,24,4,340,94.3
112,2016-09-11,23.7,4.7,180,90.8
112,2016-09-12,23.8,4.9,70,92.3
112,2016-09-13,24,4.6,270,87
112,2016-09-14,24.5,4.5,270,86.1
112,2016-09-15,23.6,3.6,270,92.5
112,2016-09-16,23.9,3.5,270,89.1
112,2016-09-17,23.2,9.3,90,79
112,2016-09-18,23.4,5.4,20,73
112,2016-09-19,22,7.1,90,69.3
112,2016-09-20,20.9,6.6,90,54.5
112,2016-09-21,20.8,4.5,90,58
112,2016-09-22,22.1,4.1,140,68
112,2016-09-23,21.6,4.1,340,81.5
112,2016-09-24,22,4.3,270,82.8
112,2016-09-25,22.4,3.5,270,83
112,2016-09-26,23.9,4.5,140,81.3
112,2016-09-27,21,4.9,50,95.4
112,2016-09-28,19.7,4.6,360,98
112,2016-09-29,20.3,6,90,85.1
112,2016-09-30,20.6,4,160,88.4
112,2016-10-01,21.1,2.9,340,93.5
112,2016-10-02,19.4,7.7,180,97.6
112,2016-10-03,22,8.1,230,89.1
112,2016-10-04,22.4,4.9,90,75.3
112,2016-10-05,21,7.5,340,82
112,2016-10-06,17.5,5,360,72.4
112,2016-10-07,19.4,6.7,180,85
112,2016-10-08,16.7,9.7,360,79.6
112,2016-10-09,11.5,8.4,360,57.4
112,2016-10-10,13.7,4.9,340,55.1
112,2016-10-11,16.2,4,340,79
112,2016-10-12,14.9,5.2,340,67.3
112,2016-10-13,15,4.3,20,58.4
112,2016-10-14,17,3.4,360,83
112,2016-10-15,19.2,4.6,340,78.5
112,2016-10-16,17.7,4.3,180,86.9
112,2016-10-17,17.6,4.4,290,94.4
112,2016-10-18,16.4,4,20,79.4
112,2016-10-19,17.7,4.2,270,87.6
112,2016-10-20,18.8,4.6,140,78.8
112,2016-10-21,18.2,5.7,140,73
112,2016-10-22,17.9,5.3,340,81.5
112,2016-10-23,14,7.8,90,82
112,2016-10-24,15.6,4.5,160,71.6
112,2016-10-25,14.8,7.3,180,91.4
112,2016-10-26,14.1,4.7,340,87.3
112,2016-10-27,15,4.6,50,63.3
112,2016-10-28,14.8,9.3,340,62.5
112,2016-10-29,7.7,8.2,20,40.6
112,2016-10-30,8.7,4.7,360,31
112,2016-10-31,6.7,7.4,360,61.8
112,2016-11-01,2.1,7.5,360,48.1
112,2016-11-02,5.1,3.7,20,57.9
112,2016-11-03,10.5,5.5,270,66.6
112,2016-11-04,13,6.7,230,74.1
112,2016-11-05,15.2,5.8,180,85.5
112,2016-11-06,15.1,5.8,160,65.6
112,2016-11-07,12.9,6.5,340,75
112,2016-11-08,4.1,8.9,340,57.3
112,2016-11-09,2,7.3,20,43.8
112,2016-11-10,6.4,5.6,160,61.8
112,2016-11-11,10.3,6.3,180,61.4
112,2016-11-12,12.5,6.4,200,66.4
112,2016-11-13,15.4,3.9,160,75
112,2016-11-14,13.7,5.8,340,81.1
112,2016-11-15,5.7,7.6,360,46.8
112,2016-11-16,5.8,4.1,340,50.4
112,2016-11-17,9.5,4.5,340,63
112,2016-11-18,11.7,4.2,180,60.5
112,2016-11-19,12.7,6.7,340,79
112,2016-11-20,9.1,7.4,340,51.3
112,2016-11-21,9.5,6.4,340,47.1
112,2016-11-22,1.9,8.9,360,49
112,2016-11-23,-1.6,8.3,360,44.9
112,2016-11-24,-1.2,5.7,340,41.4
112,2016-11-25,2.5,3.9,340,44.8
112,2016-11-26,2.2,4.9,160,76.4
112,2016-11-27,4.8,6.2,20,84.4
112,2016-11-28,2.3,6.7,360,55.8
112,2016-11-29,2.9,4.4,20,42.5
112,2016-11-30,6.8,5.7,270,64.6
112,2016-12-01,5.1,9.4,340,48.6
112,2016-12-02,3,4,50,54.8
112,2016-12-03,5.5,3.1,270,71.3
112,2016-12-04,6.9,4.2,160,68.4
112,2016-12-05,6.8,10.2,340,73.8
112,2016-12-06,-.3,8,340,40.6
112,2016-12-07,3.4,6,180,63.4
112,2016-12-08,4,7,180,69.1
112,2016-12-09,2.2,7.6,20,65.3
112,2016-12-10,-1,6.9,20,51.5
112,2016-12-11,-.1,6,20,42.8
112,2016-12-12,3,4.4,20,43.6
112,2016-12-13,3.5,6.5,340,60.3
112,2016-12-14,-1.2,6,20,57.8
112,2016-12-15,-4.1,7.7,360,44.4
112,2016-12-16,-3.3,6.5,360,48.4
112,2016-12-17,5.3,4.4,160,68.6
112,2016-12-18,6.7,5.3,180,68.5
112,2016-12-19,8.3,4.6,160,73.9
112,2016-12-20,7.3,5.3,340,77.8
112,2016-12-21,9.2,8.1,90,78.9
112,2016-12-22,5.8,7.3,290,91.3
112,2016-12-23,-1.7,7.7,340,73.1
112,2016-12-24,-2,4.5,50,68
112,2016-12-25,1,4,20,74.1
112,2016-12-26,2.5,6,360,73.1
112,2016-12-27,-1.8,9.8,340,54
112,2016-12-28,-3.5,4.8,20,53.5
112,2016-12-29,-3.5,7.6,340,56.9
112,2016-12-30,-2.1,4.8,20,58.3
112,2016-12-31,2.8,3.2,160,75
112,2017-01-01,5.1,3.7,180,78.6
112,2017-01-02,5.7,5,340,82.9
112,2017-01-03,3.4,4.1,290,68.8
112,2017-01-04,4.3,5.7,20,63.6
112,2017-01-05,4.8,6.1,90,53.5
112,2017-01-06,6.5,4.3,160,62.6
112,2017-01-07,5,3.7,20,74
112,2017-01-08,6.3,5.9,340,70.3
112,2017-01-09,1.9,7.1,340,66.3
112,2017-01-10,-2.4,8,340,49.6
112,2017-01-11,-1.9,6.8,340,42.6
112,2017-01-12,-.7,7.2,340,51
112,2017-01-13,-4.9,8.3,340,52.6
112,2017-01-14,-7.1,9.9,340,37.4
112,2017-01-15,-5.3,6.3,20,41.1
112,2017-01-16,-2.9,4.6,20,44.6
112,2017-01-17,-.7,3.5,340,57.8
112,2017-01-18,.9,3.9,20,70
112,2017-01-19,-.9,4.5,290,66.4
112,2017-01-20,-3.7,9.3,340,71.1
112,2017-01-21,-3.4,10,340,71.5
112,2017-01-22,-7.2,9.7,360,55.3
112,2017-01-23,-7.9,8.2,360,53.5
112,2017-01-24,-5.9,4.4,20,53.1
112,2017-01-25,-3.8,3.8,340,55.9
112,2017-01-26,0,8,230,72.4
112,2017-01-27,-2.4,10,290,47.3
112,2017-01-28,-1.6,4.5,340,44.4
112,2017-01-29,.7,5.3,20,77.1
112,2017-01-30,-5,7.9,320,60
112,2017-01-31,-4.9,4,20,45.5
112,2017-02-01,-2.9,8.2,360,50.3
112,2017-02-02,-1.2,6.2,340,56.4
112,2017-02-03,2.5,3.4,250,69.1
112,2017-02-04,2,3.5,160,76.5
112,2017-02-05,1.4,8.6,340,80.6
112,2017-02-06,-1.3,8.8,360,53.6
112,2017-02-07,-1.9,4.8,360,46.9
112,2017-02-08,-1.7,7.6,340,52.3
112,2017-02-09,-4.5,9,340,52.4
112,2017-02-10,-5.6,8.9,360,48
112,2017-02-11,-3.7,8.7,360,49.9
112,2017-02-12,-.8,5.3,270,55.5
112,2017-02-13,1.2,5.1,360,61.6
112,2017-02-14,.8,5.3,340,53
112,2017-02-15,2.1,3.9,230,68
112,2017-02-16,6.2,6.1,180,68.6
112,2017-02-17,.3,9.1,340,60.1
112,2017-02-18,-1.6,6.6,340,51.8
112,2017-02-19,3,8.3,200,72.4
112,2017-02-20,-1.7,10,340,56.8
112,2017-02-21,-1.3,5.9,20,45.9
112,2017-02-22,1.3,8.5,340,80.9
112,2017-02-23,-1.1,10.1,340,58.1
112,2017-02-24,-.1,4.9,250,55.5
112,2017-02-25,2.9,5.4,250,72.6
112,2017-02-26,3.2,6.3,20,60.8
112,2017-02-27,3.7,4.7,340,42
112,2017-02-28,5.2,4.6,180,47.8
112,2017-03-01,5.3,6.3,290,64.9
112,2017-03-02,1.5,6.9,340,62.8
112,2017-03-03,3.5,5.7,200,67.1
112,2017-03-04,5.3,3.6,340,69.4
112,2017-03-05,4.5,8.2,340,83.9
112,2017-03-06,.4,10.4,340,48.5
112,2017-03-07,-1.2,9.1,360,47.4
112,2017-03-08,.9,6.6,270,57.9
112,2017-03-09,3.9,7.2,270,61.1
112,2017-03-10,5,4.7,270,48.8
112,2017-03-11,6.7,4.4,270,53.6
112,2017-03-12,7.4,5.7,340,73.5
112,2017-03-13,5.7,6.6,340,57.3
112,2017-03-14,5.6,8.1,360,42.9
112,2017-03-15,5.3,4.9,360,45.1
112,2017-03-16,5.3,5.3,270,59.1
112,2017-03-17,6.7,5.6,270,57.8
112,2017-03-18,7.9,5.3,270,61.4
112,2017-03-19,9.5,4.6,340,57.8
112,2017-03-20,9.1,4.3,250,57.4
112,2017-03-21,7,8.2,340,53.6
112,2017-03-22,6.9,5.6,340,49.5
112,2017-03-23,8.2,5.5,320,50.5
112,2017-03-24,8.2,4.7,340,46.3
112,2017-03-25,6.4,5,250,64.8
112,2017-03-26,6.2,5.9,270,79.1
112,2017-03-27,6.5,8.7,20,76.4
112,2017-03-28,6.8,4.4,250,75.1
112,2017-03-29,7.5,4.8,340,69.8
112,2017-03-30,9.2,5,340,65.5
112,2017-03-31,9.2,5.6,50,75.5
112,2017-04-01,7.9,6.3,270,69.3
112,2017-04-02,8.6,5.4,250,61.1
112,2017-04-03,9.6,5.7,250,67.6
112,2017-04-04,12.4,4.9,270,51.9
112,2017-04-05,11.7,7.1,140,69.1
112,2017-04-06,8.6,5.7,230,97.1
112,2017-04-07,11.6,4.3,340,80.9
112,2017-04-08,9.5,4.4,250,91.3
112,2017-04-09,14.1,6.4,90,62.8
112,2017-04-10,15.1,6.1,140,29.9
112,2017-04-11,13.2,9.2,340,51.4
112,2017-04-12,10.7,9.7,360,32.6
112,2017-04-13,11.4,5.9,200,67.8
112,2017-04-14,12,7.3,250,67.9
112,2017-04-15,14.3,5.1,270,75.1
112,2017-04-16,15,3.8,180,79.8
112,2017-04-17,14,7.1,50,76.3
112,2017-04-18,11.4,9,200,81.5
112,2017-04-19,12,6,320,51.1
112,2017-04-20,12.1,4.2,250,54.1
112,2017-04-21,11.4,5.7,290,75.4
112,2017-04-22,13.2,6,290,60.6
112,2017-04-23,13.4,5.3,270,51.3
112,2017-04-24,14.1,6.4,200,51.1
112,2017-04-25,14,4.7,200,72.1
112,2017-04-26,14,8,270,43
112,2017-04-27,12.8,7.6,270,56.4
112,2017-04-28,12.7,6.6,230,72.5
112,2017-04-29,15.1,6.8,200,56.9
112,2017-04-30,16.8,5.7,200,72.5
112,2017-05-01,16.8,4.8,270,74.1
112,2017-05-02,17.5,4.4,360,54.8
112,2017-05-03,19.2,6.2,290,53.9
112,2017-05-04,19.4,5,340,54.6
112,2017-05-05,18.5,8.4,360,63.3
112,2017-05-06,13.6,10.1,270,47.6
112,2017-05-07,14.8,8.5,270,62.6
112,2017-05-08,16.4,5.5,230,59.4
112,2017-05-09,16,4.8,110,72.3
112,2017-05-10,15.1,6.1,270,83.6
112,2017-05-11,17.7,4.1,140,73.3
112,2017-05-12,17.3,5.6,230,81.8
112,2017-05-13,15.4,10.7,180,83.4
112,2017-05-14,14.9,7.8,290,62.1
112,2017-05-15,14.8,5.4,290,74.8
112,2017-05-16,15.2,4.5,270,75.4
112,2017-05-17,16.9,4.4,270,70.5
112,2017-05-18,18.3,4.4,250,58.4
112,2017-05-19,18.9,5.1,250,57.1
112,2017-05-20,18.8,5.1,270,59.3
112,2017-05-21,19.5,5.8,340,60.8
112,2017-05-22,19.8,4.3,250,67.1
112,2017-05-23,18.5,4.4,230,77.1
112,2017-05-24,19.4,5.3,340,73.9
112,2017-05-25,18.1,8.9,360,55.9
112,2017-05-26,16.8,6.7,20,51.9
112,2017-05-27,17.6,4.6,270,57.4
112,2017-05-28,19.7,6.1,230,58
112,2017-05-29,20,4.3,230,75.9
112,2017-05-30,20.8,4.1,180,62.3
112,2017-05-31,20.3,4.5,270,77.8
112,2017-06-01,21.6,7.8,340,65.3
112,2017-06-02,19.6,6.2,340,48.1
112,2017-06-03,19.2,7.9,270,56.1
112,2017-06-04,20.5,5.4,270,51.1
112,2017-06-05,22.6,4.4,360,44.4
112,2017-06-06,19.2,7.2,140,64.4
112,2017-06-07,17.6,6.2,340,90.8
112,2017-06-08,18.5,5.3,270,80.3
112,2017-06-09,19.1,7.7,230,85.3
112,2017-06-10,20.1,5.1,20,53
112,2017-06-11,21.9,5.4,90,44.5
112,2017-06-12,21.3,5.5,140,55.3
112,2017-06-13,19.8,6.1,270,79
112,2017-06-14,19.5,5.4,270,80.4
112,2017-06-15,20.4,5.8,250,81.5
112,2017-06-16,22.6,4.8,250,72.4
112,2017-06-17,22.1,4.8,270,66.4
112,2017-06-18,21.9,4.8,270,72.5
112,2017-06-19,22.3,3.5,340,71.1
112,2017-06-20,23.9,4,340,56.5
112,2017-06-21,22.9,6.2,270,70.3
112,2017-06-22,23.2,5.3,340,74.1
112,2017-06-23,24,5.4,290,71.6
112,2017-06-24,22.4,5.6,340,70
112,2017-06-25,24,5.3,340,64.1
112,2017-06-26,23.3,7.2,160,76.6
112,2017-06-27,23.8,4.4,290,76.4
112,2017-06-28,24.4,4.9,270,76
112,2017-06-29,24.2,4.6,290,78.5
112,2017-06-30,24.2,4.1,290,80.6
112,2017-07-01,24.1,4.9,230,84.3
112,2017-07-02,23.6,9.5,290,96
112,2017-07-03,23.2,7.3,230,95.8
112,2017-07-04,24.8,4.7,290,87.9
112,2017-07-05,26,4.3,340,75.5
112,2017-07-06,26.6,5.2,290,79.6
112,2017-07-07,25.9,6.9,200,87.4
112,2017-07-08,25.3,6.2,180,91.4
112,2017-07-09,26,5.3,200,89
112,2017-07-10,23.7,6.7,230,97
112,2017-07-11,24.9,4.2,230,90.4
112,2017-07-12,25.2,4.4,270,88.3
112,2017-07-13,26,3.8,250,81.6
112,2017-07-14,27.2,6.3,250,78.9
112,2017-07-15,23.9,5.4,250,95.9
112,2017-07-16,25.3,5.9,70,91.3
112,2017-07-17,25.6,4.2,270,87
112,2017-07-18,25.7,3.6,250,88.6
112,2017-07-19,26.6,4.7,290,78.9
112,2017-07-20,27.8,4.1,270,79.5
112,2017-07-21,27.8,5,230,86.1
112,2017-07-22,27.6,4.5,200,88.8
112,2017-07-23,26,8.5,90,95.2
112,2017-07-24,25.2,3.2,250,93.3
112,2017-07-25,28.2,4.8,90,75.4
112,2017-07-26,28,5.9,140,68.5
112,2017-07-27,26.5,4.1,180,72.5
112,2017-07-28,25.4,3.8,180,95.4
112,2017-07-29,27.1,4.5,160,78.3
112,2017-07-30,26.9,5.1,180,75.8
112,2017-07-31,25.1,4.6,180,91.3
112,2017-08-01,27.2,3.9,270,80.5
112,2017-08-02,29.4,3.5,340,77.9
112,2017-08-03,29.8,5.1,160,63.8
112,2017-08-04,29.5,5.3,340,65.9
112,2017-08-05,30.9,5.9,340,71.1
112,2017-08-06,29.1,4.6,180,75.4
112,2017-08-07,27.7,5.2,270,79.9
112,2017-08-08,26.9,4.9,270,78.8
112,2017-08-09,27.5,4.4,90,72
112,2017-08-10,25.5,4.7,110,87.8
112,2017-08-11,25.9,5.4,180,77.6
112,2017-08-12,27.4,4.4,140,67.5
112,2017-08-13,26.1,5.5,140,68.3
112,2017-08-14,24.5,5.7,90,73.5
112,2017-08-15,22,6.6,140,95.3
112,2017-08-16,23.3,5.7,90,88.8
112,2017-08-17,24.3,3.9,270,85.6
112,2017-08-18,25.4,3.9,270,81.9
112,2017-08-19,26.1,4.1,180,79.6
112,2017-08-20,23.5,7.2,160,94.1
112,2017-08-21,25.2,7.4,180,87.8
112,2017-08-22,26.2,3.6,250,78.4
112,2017-08-23,26.4,6.4,250,93.4
112,2017-08-24,25.8,8.7,230,91.3
112,2017-08-25,24.7,4.8,270,70.3
112,2017-08-26,24.1,4.6,340,54
112,2017-08-27,22.7,3,180,63.9
112,2017-08-28,21,6.5,20,79.9
112,2017-08-29,18.9,7.3,20,52.1
112,2017-08-30,19.5,5.2,20,60.3
112,2017-08-31,21.9,5.8,360,70.8
112,2017-09-01,22.5,5.4,340,63.6
112,2017-09-02,22.9,4.5,270,68
112,2017-09-03,23.5,4.1,270,68.8
112,2017-09-04,24.3,4.1,290,56.9
112,2017-09-05,22.5,3.9,180,65.8
112,2017-09-06,20.8,4,20,82.5
112,2017-09-07,22.2,4.2,270,80.4
112,2017-09-08,23.6,4.5,340,76.3
112,2017-09-09,23.4,4.6,340,81.4
112,2017-09-10,22.9,3.6,90,80.6
112,2017-09-11,21.4,5.7,50,80.6
112,2017-09-12,22.5,6.5,340,60.4
112,2017-09-13,21.3,5.2,340,53.1
112,2017-09-14,22.1,6.4,340,50.5
112,2017-09-15,23,6.2,90,48.6
112,2017-09-16,22.2,6.6,90,50.8
112,2017-09-17,22.2,6.3,20,57.6
112,2017-09-18,21.5,4.8,250,68.6
112,2017-09-19,22.3,9,270,87.6
112,2017-09-20,20.1,6.6,360,51.3
112,2017-09-21,20.6,3.8,270,65.4
112,2017-09-22,20.7,4.5,250,67.5
112,2017-09-23,21.8,4.9,180,83.5
112,2017-09-24,22.3,6.6,20,80.6
112,2017-09-25,22.6,4.2,340,66.8
112,2017-09-26,24.1,4.1,360,66.1
112,2017-09-27,21.4,6,360,72.5
112,2017-09-28,18.6,8.2,340,53.3
112,2017-09-29,17.5,4.9,340,46
112,2017-09-30,19.8,5,270,73.4
112,2017-10-01,17.8,5,50,78.6
112,2017-10-02,20.2,6.5,360,65.3
112,2017-10-03,16.2,7.2,360,49.4
112,2017-10-04,15.4,5.5,360,49.3
112,2017-10-05,18.3,4.9,70,60.5
112,2017-10-06,19,5,70,64.4
112,2017-10-07,19.9,3.6,360,77.6
112,2017-10-08,21.2,4.3,320,76.9
112,2017-10-09,20.8,3.4,320,81.4
112,2017-10-10,20.8,4.9,290,86.3
112,2017-10-11,14.8,7,340,80.1
112,2017-10-12,11.1,5.6,360,64.4
112,2017-10-13,12.4,5,360,57.5
112,2017-10-14,14.2,6.2,20,49.6
112,2017-10-15,15.4,4.2,50,46.3
112,2017-10-16,15.8,5.5,360,53
112,2017-10-17,14.9,3.8,340,52.8
112,2017-10-18,16.2,5,70,61.5
112,2017-10-19,16.5,4.3,360,63.3
112,2017-10-20,16.3,4,360,67.3
112,2017-10-21,16.5,5.2,360,64.6
112,2017-10-22,15.8,9.3,50,57
112,2017-10-23,13.2,5.6,20,57.9
112,2017-10-24,14.5,4.1,340,62
112,2017-10-25,14.3,3.9,360,70.3
112,2017-10-26,14.4,4.3,340,67.9
112,2017-10-27,15.7,4.4,360,65.5
112,2017-10-28,16.3,5,340,64
112,2017-10-29,11.5,9.6,360,51
112,2017-10-30,7.6,8.3,360,36.4
112,2017-10-31,11.1,4.5,250,60.6
112,2017-11-01,14.6,5.2,320,81.1
112,2017-11-02,15.4,5,290,86.8
112,2017-11-03,11.7,9.2,340,70
112,2017-11-04,7,6.2,340,53.1
112,2017-11-05,9.6,3.1,360,56.3
112,2017-11-06,12,3.6,320,69
112,2017-11-07,14.8,5,320,69
112,2017-11-08,12.3,7.5,340,64.3
112,2017-11-09,9.5,4.1,360,50.4
112,2017-11-10,10.3,12.2,340,64.4
112,2017-11-11,6.2,7.1,360,49.9
112,2017-11-12,6.2,4.4,360,61.3
112,2017-11-13,9.4,6.2,340,68.6
112,2017-11-14,8,6.8,340,45.8
112,2017-11-15,3.6,7.9,360,49.9
112,2017-11-16,1.5,3.6,20,37
112,2017-11-17,4,8.5,20,45.4
112,2017-11-18,-1.9,10.2,360,44.6
112,2017-11-19,-.6,6.7,360,42.5
112,2017-11-20,.4,4.5,50,61.8
112,2017-11-21,2.3,3.7,20,63.9
112,2017-11-22,5.3,8.2,340,63.3
112,2017-11-23,1.8,9.7,340,54.8
112,2017-11-24,.1,6.6,340,66.1
112,2017-11-25,4.6,8,200,77.1
112,2017-11-26,2.8,6.3,360,71.5
112,2017-11-27,1.7,3.8,20,58.4
112,2017-11-28,6,4.3,200,69.8
112,2017-11-29,2.2,7.4,360,52.3
112,2017-11-30,-2.6,8.3,340,35.8
112,2017-12-01,-1.6,5.1,270,59.1
112,2017-12-02,2.8,4.4,180,68.8
112,2017-12-03,6.6,6.2,180,83
112,2017-12-04,-1.1,8.1,340,54.9
112,2017-12-05,-3.8,8.6,360,48.8
112,2017-12-06,1.7,6.2,200,75.5
112,2017-12-07,.5,7.6,360,68.8
112,2017-12-08,-3.2,7.8,360,48.1
112,2017-12-09,.5,3.6,200,50.9
112,2017-12-10,2.6,11,340,72.9
112,2017-12-11,-6.4,11.8,340,48.4
112,2017-12-12,-8.7,6.1,360,50.9
112,2017-12-13,-7.7,5.9,20,44.4
112,2017-12-14,-6.2,4.3,50,47.4
112,2017-12-15,-2.5,5.7,360,56.3
112,2017-12-16,-5,8.2,360,48
112,2017-12-17,-5.9,8.7,360,44.5
112,2017-12-18,.5,7.9,340,78.5
112,2017-12-19,-3.8,8.3,360,54.1
112,2017-12-20,-2.1,6,200,73
112,2017-12-21,-.2,3.8,20,72
112,2017-12-22,4,5,200,73.8
112,2017-12-23,5.9,4.6,180,83.5
112,2017-12-24,3.2,8,340,87.3
112,2017-12-25,-2,9.5,340,51.5
112,2017-12-26,-3.3,8.6,340,45.6
112,2017-12-27,-6.3,7,340,35.8
112,2017-12-28,-1.7,3.9,340,48.9
112,2017-12-29,2.2,4.3,340,74.8
112,2017-12-30,1.5,4.4,360,86.1
112,2017-12-31,.1,6.6,340,58.9
112,2018-01-01,-.3,2.9,270,45.9
112,2018-01-02,-1.4,6.5,340,46.3
112,2018-01-03,-4.4,6.4,340,47.8
112,2018-01-04,-5,5.9,340,47.1
112,2018-01-05,-2.8,5.4,320,59.8
112,2018-01-06,-2,4.2,20,51.6
112,2018-01-07,-.9,4.9,90,51.9
112,2018-01-08,.7,8.7,320,62.4
112,2018-01-09,-3.9,10.3,340,65.9
112,2018-01-10,-7.1,9.4,340,56.8
112,2018-01-11,-10.7,8.1,340,55.1
112,2018-01-12,-9.8,6.1,360,50
112,2018-01-13,-3.3,3.7,160,82
112,2018-01-14,1.5,6.5,180,70.1
112,2018-01-15,3.8,4.8,340,75.5
112,2018-01-16,2.7,3.6,20,75.4
112,2018-01-17,3.2,4.3,270,79.5
112,2018-01-18,1.6,5,360,71.1
112,2018-01-19,.9,4.9,20,47.4
112,2018-01-20,2.1,5,20,67.3
112,2018-01-21,-.2,4.3,340,46.5
112,2018-01-22,-.2,9.3,340,61.5
112,2018-01-23,-11.3,12.1,340,42.3
112,2018-01-24,-13.7,11.4,360,37.6
112,2018-01-25,-13.5,9,20,39
112,2018-01-26,-14.6,9.2,340,41.5
112,2018-01-27,-9.7,4.3,340,46.6
112,2018-01-28,-5.8,7.9,340,41.3
112,2018-01-29,-7.9,7.1,360,42.8
112,2018-01-30,-4.1,5.4,270,65.9
112,2018-01-31,-2,6,340,55.9
112,2018-02-01,-3.7,4.7,340,48.3
112,2018-02-02,-2.5,5,340,53.1
112,2018-02-03,-7.3,8.6,340,51.6
112,2018-02-04,-8.9,8.2,340,48.5
112,2018-02-05,-8.7,8.1,340,43.4
112,2018-02-06,-9.8,7.4,360,43.8
112,2018-02-07,-7.1,4.3,340,49.5
112,2018-02-08,-4.4,3.7,340,61.9
112,2018-02-09,.7,3.8,250,54.3
112,2018-02-10,-1.2,9.8,340,60
112,2018-02-11,-5.7,7.9,340,52.6
112,2018-02-12,-5.5,7.5,340,52.4
112,2018-02-13,-.2,6.2,230,60.4
112,2018-02-14,2.8,7.3,270,58
112,2018-02-15,-1.4,6.6,20,36.8
112,2018-02-16,-1.6,7,340,49.4
112,2018-02-17,-3,7.3,360,35.6
112,2018-02-18,-1,4.4,270,37.8
112,2018-02-19,1.3,4.2,340,63.5
112,2018-02-20,.8,6.9,360,46.6
112,2018-02-21,-1,6.1,340,40.9
112,2018-02-22,1.6,6.3,250,68.8
112,2018-02-23,3.9,5.9,230,88.1
112,2018-02-24,1.3,5.7,20,58.3
112,2018-02-25,.4,4.8,270,52.9
112,2018-02-26,1.7,4.1,250,52.9
112,2018-02-27,4,4.1,110,58.8
112,2018-02-28,4.4,8.1,90,74.9
112,2018-03-01,-.6,11.3,340,66.1
112,2018-03-02,-1.1,6.5,360,38.9
112,2018-03-03,7.2,4.6,140,41
112,2018-03-04,8.7,8.7,50,95.1
112,2018-03-05,5.1,7.4,50,72.8
112,2018-03-06,3.3,6.1,340,57.8
112,2018-03-07,6.2,5.9,140,60.5
112,2018-03-08,3.9,7.2,340,83.4
112,2018-03-09,3.7,4.9,270,72.8
112,2018-03-10,3.6,5,250,81.6
112,2018-03-11,4.6,4.1,250,82.1
112,2018-03-12,6.6,4.3,200,69.6
112,2018-03-13,11.4,6.8,230,70.3
112,2018-03-14,15.5,5.3,200,68.4
112,2018-03-15,10.5,7.6,20,95
112,2018-03-16,7.4,6.8,50,53.3
112,2018-03-17,6.6,4.5,160,53.1
112,2018-03-18,6.8,4.5,20,72.9
112,2018-03-19,8,9.2,90,69.6
112,2018-03-20,5.3,9.8,70,42.6
112,2018-03-21,2.2,8.4,90,67.6
112,2018-03-22,4.1,5.8,270,70.9
112,2018-03-23,5,4.3,250,72.1
112,2018-03-24,5.6,4,250,80.9
112,2018-03-25,5.7,4.6,250,89.5
112,2018-03-26,7.7,3.7,250,86.8
112,2018-03-27,10.9,4.6,250,76.6
112,2018-03-28,12.5,5.5,230,79.6
112,2018-03-29,13.4,4.3,270,81.6
112,2018-03-30,12.4,4.5,250,65.1
112,2018-03-31,12.2,4.6,250,65.3
112,2018-04-01,14.1,5.6,200,79
112,2018-04-02,16.8,5.3,200,74.9
112,2018-04-03,15.5,5,230,86.6
112,2018-04-04,12.1,7.2,20,73
112,2018-04-05,8.4,6.4,160,92
112,2018-04-06,5.4,11,270,74.1
112,2018-04-07,4.5,10,340,47.1
112,2018-04-08,4.8,6.5,70,66.8
112,2018-04-09,7.5,3.8,20,60
112,2018-04-10,14.4,11.8,200,60.5
112,2018-04-11,10.3,6.2,250,67.9
112,2018-04-12,11.3,7.3,360,49.1
112,2018-04-13,14.5,6.4,160,28.9
112,2018-04-14,9,7.2,360,82
112,2018-04-15,9.2,6.3,270,69.9
112,2018-04-16,10.7,5.2,340,47.1
112,2018-04-17,11.5,4.8,250,49.5
112,2018-04-18,10.6,5.1,250,45.8
112,2018-04-19,12,4.9,250,51.4
112,2018-04-20,15.7,3.8,340,57.1
112,2018-04-21,16.4,4.7,290,50.6
112,2018-04-22,15.3,9.1,90,67.9
112,2018-04-23,9.9,8.8,90,94.6
112,2018-04-24,12.1,7.5,90,67.1
112,2018-04-25,14.3,4.9,270,44.1
112,2018-04-26,13.3,5.6,290,64.9
112,2018-04-27,13.2,3.9,250,71.3
112,2018-04-28,12.9,5.1,270,65.6
112,2018-04-29,14.6,4.5,270,53
112,2018-04-30,17.4,3.9,340,78.4
112,2018-05-01,18.5,4.5,360,86.6
112,2018-05-02,14.5,9.9,340,91.3
112,2018-05-03,11.8,8.4,360,62.1
112,2018-05-04,13.5,9.7,270,54.3
112,2018-05-05,16.9,5.6,230,59.3
112,2018-05-06,16.3,6.1,90,88.3
112,2018-05-07,17.5,4.2,340,70.5
112,2018-05-08,18.1,7.2,90,52.5
112,2018-05-09,14.8,6.2,110,59
112,2018-05-10,13.2,4.7,340,83.9
112,2018-05-11,13.6,4,270,83.8
112,2018-05-12,13.7,6,230,89.5
112,2018-05-13,13.4,4.7,270,91
112,2018-05-14,16.4,3.1,230,81.5
112,2018-05-15,22.6,4,230,58.4
112,2018-05-16,20.8,8.3,200,94.5
112,2018-05-17,19.2,8.9,290,98.5
112,2018-05-18,15.6,6.2,70,90.4
112,2018-05-19,17.9,6,70,52.9
112,2018-05-20,18,7.3,110,33.6
112,2018-05-21,17.3,5.2,160,50
112,2018-05-22,17.6,4.1,340,81
112,2018-05-23,15.8,6.6,270,70.8
112,2018-05-24,16.6,5.9,250,57.5
112,2018-05-25,18.4,3.7,270,49.1
112,2018-05-26,19.8,5.3,270,63.8
112,2018-05-27,18.1,4.6,250,55.4
112,2018-05-28,20,4.6,290,62.6
112,2018-05-29,19.6,5.2,270,84.1
112,2018-05-30,18,4.8,290,88.1
112,2018-05-31,19.2,4.6,290,70.6
112,2018-06-01,20.9,4.6,270,64.5
112,2018-06-02,20.7,5.5,270,59
112,2018-06-03,21.9,3.7,340,55.5
112,2018-06-04,20.4,3.8,230,70
112,2018-06-05,22.2,4.9,340,57.3
112,2018-06-06,19.7,3.9,290,82.8
112,2018-06-07,19.3,4.6,270,84.8
112,2018-06-08,20.4,5,270,79.1
112,2018-06-09,21.9,4.6,90,78.6
112,2018-06-10,20.3,5.5,140,71.8
112,2018-06-11,19.2,5.6,340,77.9
112,2018-06-12,19.9,5.6,290,76
112,2018-06-13,20.7,6.3,290,75.6
112,2018-06-14,20.5,4.9,140,82.5
112,2018-06-15,21.3,5.5,110,65
112,2018-06-16,21.4,4.4,140,60.3
112,2018-06-17,20.4,4.5,340,79.8
112,2018-06-18,22.3,3.8,250,73.8
112,2018-06-19,20.2,3.7,270,83.8
112,2018-06-20,20.5,5.3,270,85.5
112,2018-06-21,20.9,5.6,250,81.1
112,2018-06-22,23.1,4.9,270,61.4
112,2018-06-23,22.2,4.7,270,70.4
112,2018-06-24,22,5,250,83.5
112,2018-06-25,24.7,4.1,250,68.6
112,2018-06-26,21.3,8.5,200,92.8
112,2018-06-27,20.5,5.6,230,92.4
112,2018-06-28,22.3,4.3,50,93.4
112,2018-06-29,22.3,3.9,250,90.5
112,2018-06-30,24,4.2,180,83.5
112,2018-07-01,21.9,6.1,110,95.6
112,2018-07-02,22.7,5.9,180,95.6
112,2018-07-03,26.7,6.8,70,79.4
112,2018-07-04,24.9,4.5,250,83.1
112,2018-07-05,25.3,5.4,110,80.1
112,2018-07-06,24.4,7.4,90,59
112,2018-07-07,23.9,6.1,90,57.5
112,2018-07-08,23.4,4.6,110,56.5
112,2018-07-09,21.3,4.8,140,87.8
112,2018-07-10,24.1,5.2,180,89.1
112,2018-07-11,26.1,4.8,200,86.4
112,2018-07-12,25.6,4,270,91
112,2018-07-13,25.9,4.1,230,87.3
112,2018-07-14,26.2,4.1,270,84.4
112,2018-07-15,26.5,4.7,340,82.1
112,2018-07-16,26.2,3.8,270,78.9
112,2018-07-17,26.1,4.8,340,81.4
112,2018-07-18,26.1,4.8,340,81
112,2018-07-19,26.2,4.8,340,81.1
112,2018-07-20,27,3.9,270,75.5
112,2018-07-21,28.1,4.6,290,70.5
112,2018-07-22,30.2,4.6,340,62.6
112,2018-07-23,29.6,4.8,340,65.1
112,2018-07-24,29.4,4.3,270,74.4
112,2018-07-25,28.6,5.9,200,79.3
112,2018-07-26,28.4,4.8,270,83.9
112,2018-07-27,28.6,4.7,270,81.8
112,2018-07-28,28.9,4,110,81.4
112,2018-07-29,30.7,7,20,60.9
112,2018-07-30,31.1,,,57.3
112,2018-07-31,31.2,5.7,340,59.3
112,2018-08-01,31.4,5.3,340,67.5
112,2018-08-02,31.8,4.8,270,64.3
112,2018-08-03,31.2,5.3,340,66
112,2018-08-04,29.5,4.9,340,77.1
112,2018-08-05,29.1,5.3,250,82.3
112,2018-08-06,29.4,4.6,270,82.4
112,2018-08-07,30.1,4.5,270,72.1
112,2018-08-08,29.7,5.6,340,79.9
112,2018-08-09,28.6,4.8,270,86.3
112,2018-08-10,30,6.2,340,71.1
112,2018-08-11,30.4,4.3,140,65.6
112,2018-08-12,30.2,4.8,160,62.5
112,2018-08-13,30.6,5.2,270,69.5
112,2018-08-14,31,5.7,340,64.9
112,2018-08-15,30.9,7.7,50,66.1
112,2018-08-16,30.3,7.7,110,53
112,2018-08-17,27.4,7.1,110,42
112,2018-08-18,26.6,5.7,340,49.9
112,2018-08-19,27.1,4.5,270,61.9
112,2018-08-20,28.2,8.4,200,64.4
112,2018-08-21,25.1,9.1,200,83
112,2018-08-22,29.2,5.4,20,67.9
112,2018-08-23,28.2,6,70,71.1
112,2018-08-24,23.9,6.6,270,87.3
112,2018-08-25,24.7,5.1,250,76.3
112,2018-08-26,22.9,5.3,200,77.6
112,2018-08-27,23.1,5.7,110,93.3
112,2018-08-28,24.1,5.3,20,95.1
112,2018-08-29,25.6,8,230,92.5
112,2018-08-30,25.1,4.8,200,84.4
112,2018-08-31,24.6,4.2,360,74.4
112,2018-09-01,25.9,6,140,62.6
112,2018-09-02,25.3,5.2,140,59.4
112,2018-09-03,23.6,6.1,320,85.5
112,2018-09-04,23.3,8,340,71.9
112,2018-09-05,24.5,8,270,68.4
112,2018-09-06,24.4,7.2,250,78
112,2018-09-07,21.9,6.6,340,56.5
112,2018-09-08,21.5,6.4,360,55
112,2018-09-09,21.4,4.8,340,57.9
112,2018-09-10,23.1,5.5,90,54.3
112,2018-09-11,21.9,5,180,50.1
112,2018-09-12,22.7,4.7,90,57.3
112,2018-09-13,23.8,4.1,90,65
112,2018-09-14,24,4.8,90,67.1
112,2018-09-15,23.1,4.6,90,82.9
112,2018-09-16,21.9,4.5,290,85.3
112,2018-09-17,21.6,5.1,270,70
112,2018-09-18,21.6,4.3,340,62.8
112,2018-09-19,21.3,4.5,180,69.5
112,2018-09-20,19.1,5.9,90,85.6
112,2018-09-21,19.7,4.8,110,89
112,2018-09-22,21,7.6,340,62.5
112,2018-09-23,20.3,5.6,320,56
112,2018-09-24,18.2,6.3,340,50
112,2018-09-25,18.1,4.5,110,49.6
112,2018-09-26,19.7,6,110,49.5
112,2018-09-27,19.2,4.4,90,52.8
112,2018-09-28,18.5,4.7,140,58.4
112,2018-09-29,20.6,4.6,340,61.6
112,2018-09-30,18.2,8.2,340,57
112,2018-10-01,15.7,7.6,320,59.1
112,2018-10-02,16.5,4.2,20,63.5
112,2018-10-03,17.6,4.3,340,65.6
112,2018-10-04,20.1,5,90,56.4
112,2018-10-05,17.2,6.2,70,87.4
112,2018-10-06,18.6,9.7,20,84.6
112,2018-10-07,16.8,6.4,340,53.8
112,2018-10-08,16.2,3.7,340,44
112,2018-10-09,16.2,6.5,180,55.5
112,2018-10-10,12.8,8.5,340,57.6
112,2018-10-11,11.1,7,340,48.8
112,2018-10-12,11.9,4.4,340,51.9
112,2018-10-13,13.3,3.3,360,58.5
112,2018-10-14,14.2,4.1,340,62
112,2018-10-15,15.9,4.1,290,71
112,2018-10-16,14.8,4.2,340,54.4
112,2018-10-17,13,5.1,340,49.1
112,2018-10-18,12.2,5.3,20,68
112,2018-10-19,13.3,3.9,50,62.3
112,2018-10-20,13.3,4.5,270,59.5
112,2018-10-21,13.9,3.5,340,58.9
112,2018-10-22,14.6,2.6,290,55.3
112,2018-10-23,13.8,6.1,20,75.5
112,2018-10-24,14.1,3.8,340,62
112,2018-10-25,14.9,2.9,250,63.5
112,2018-10-26,13.2,10.1,320,73
112,2018-10-27,9.9,9.2,320,51.8
112,2018-10-28,9.8,10.9,290,76.6
112,2018-10-29,8.3,8.7,340,57.9
112,2018-10-30,7.3,4.5,20,49.4
112,2018-10-31,8.1,4.5,20,54
112,2018-11-01,9.9,3.4,20,56.9
112,2018-11-02,11.6,3.8,340,65.5
112,2018-11-03,12,3.9,340,72.4
112,2018-11-04,11.7,4.3,340,71.4
112,2018-11-05,12.1,4,290,76.9
112,2018-11-06,12.1,2.9,340,85.1
112,2018-11-07,12.6,4.1,340,91.9
112,2018-11-08,12.8,7.9,290,96.6
112,2018-11-09,12.5,9.8,270,68.6
112,2018-11-10,12,4.4,340,72.4
112,2018-11-11,8.3,5.1,20,69
112,2018-11-12,8.2,4.5,340,58.6
112,2018-11-13,9,4.1,340,56
112,2018-11-14,9.6,4.4,340,64.3
112,2018-11-15,10.4,3.5,340,63.1
112,2018-11-16,8.6,6.3,340,69
112,2018-11-17,5.3,4.9,20,47.4
112,2018-11-18,7,3.8,360,54.3
112,2018-11-19,7.9,5.9,20,56.3
112,2018-11-20,8.1,5.6,230,46
112,2018-11-21,6.3,5.3,340,57
112,2018-11-22,3,6.5,360,39.1
112,2018-11-23,2.8,6.2,360,32.6
112,2018-11-24,4.6,7.7,140,75.3
112,2018-11-25,6.8,3.6,20,77.1
112,2018-11-26,8.4,2.8,270,71.6
112,2018-11-27,8.4,6.3,340,63.6
112,2018-11-28,5.2,5.6,20,30
112,2018-11-29,3.9,4,20,48.4
112,2018-11-30,3.5,3.7,20,53.3
112,2018-12-01,6.3,3.8,200,44.1
112,2018-12-02,9.2,4.8,110,53.9
112,2018-12-03,11.8,5.6,160,91.6
112,2018-12-04,6.5,8.9,340,72.1
112,2018-12-05,-.3,6.4,20,43.8
112,2018-12-06,2.1,9.6,340,52.3
112,2018-12-07,-6.8,9.4,320,47.9
112,2018-12-08,-8,8,20,41.4
112,2018-12-09,-6.4,6.3,20,31.8
112,2018-12-10,-1.7,4.7,20,41.5
112,2018-12-11,.9,6.9,20,46.5
112,2018-12-12,-1.4,5.7,340,41.8
112,2018-12-13,-1.6,8.8,340,62.6
112,2018-12-14,-3.8,5.1,20,48
112,2018-12-15,-2,3.6,20,54.6
112,2018-12-16,1.2,4.5,180,68.4
112,2018-12-17,2.7,6.1,340,58.8
112,2018-12-18,4.2,5.6,270,62
112,2018-12-19,4.7,3.8,250,62.6
112,2018-12-20,3.7,4.7,50,53.6
112,2018-12-21,5.2,3.5,110,53.6
112,2018-12-22,5.6,4.2,20,61.5
112,2018-12-23,2.5,9.8,340,45.4
112,2018-12-24,-1.5,5.5,360,42
112,2018-12-25,1.1,4.6,180,61.6
112,2018-12-26,-1.9,7.8,340,42.6
112,2018-12-27,-9.5,8.5,360,37.4
112,2018-12-28,-9.6,7.6,340,41
112,2018-12-29,-6.8,7.9,340,37.5
112,2018-12-30,-6.6,5.5,340,42
112,2018-12-31,-4.9,5.5,340,52.1
